head_type,layer,head,mnr,mnr_std
Q,14,6,0.23641171159760405,0.16191464471623615
Q,14,28,0.23690358950558013,0.1437671835400501
Q,13,2,0.2376636040760764,0.14644280013871566
Q,17,31,0.2398755390434073,0.15099127908019352
Q,14,7,0.24228478285040236,0.1608857802715373
Q,11,26,0.2445832274298552,0.1522800853422323
Q,11,3,0.24556064094590857,0.169475968413393
Q,11,14,0.24683787201084242,0.16158951216119605
Q,15,5,0.2475847698156986,0.1488114613325682
Q,14,15,0.25288811630195357,0.1635363434281699
Q,12,28,0.2561228445580701,0.17038925262070986
Q,13,23,0.25936639840167636,0.1448046561063192
V,12,0,0.26025101269794176,0.1730164671478238
V,15,2,0.2617401961157015,0.17446698267377286
Q,11,25,0.26233873406764296,0.14997218671137652
Q,7,4,0.26251986900355234,0.18756733037408588
Q,14,10,0.2625499030256611,0.17329890706640097
Q,18,26,0.263321452277549,0.1583138026252754
Q,13,6,0.26358822328151155,0.16719051414480324
Q,13,7,0.26390329973753796,0.17711046792319948
Q,10,22,0.26414559285066885,0.17396398643911445
Q,9,21,0.264252349716084,0.16549421803001796
Q,15,26,0.26435673968759504,0.1724581071136151
Q,21,10,0.2649066360125985,0.14716680726416329
Q,17,26,0.265017800080933,0.15851439124198974
V,8,5,0.2653185342287981,0.2114442138226943
Q,13,17,0.2665336375708908,0.1883034096114363
Q,11,27,0.2691122452855368,0.16678477102735054
Q,17,23,0.26988811609229546,0.19407950050488051
Q,11,13,0.2701026288096146,0.15935765083049686
Q,14,13,0.2706192167059753,0.1835009497610617
Q,10,30,0.2707299871722272,0.1901997825180223
Q,16,10,0.27073897123821417,0.16454008723425842
Q,13,31,0.270840957675815,0.14340486559371862
Q,14,4,0.27146591328763847,0.17260226420254632
Q,11,24,0.2725141093811905,0.1698406311009552
Q,11,9,0.27284977778821407,0.17408176211620285
Q,13,5,0.27336433378219416,0.17973878972376434
Q,15,14,0.27377584424199064,0.1747292461618865
Q,11,10,0.27381867797465803,0.19130017672869956
Q,12,31,0.27394222557574177,0.17210551334107924
Q,15,9,0.27486346346034896,0.13863899397731394
Q,12,26,0.27583885527088453,0.1741365506621465
K,12,3,0.27621719196311345,0.17216864949509494
Q,18,25,0.2762352501483512,0.17506476906726764
Q,15,23,0.27643326936301604,0.15603739619471713
Q,15,27,0.2764965679307693,0.1781120148760869
Q,12,11,0.27659164004425424,0.1780287696486992
Q,12,15,0.2766144984772674,0.1721211325136957
Q,14,21,0.2767181782526112,0.17066840915257347
Q,13,18,0.276901490010207,0.16872154387967114
Q,11,12,0.277108111776433,0.18598439782345058
Q,19,15,0.27713889174370343,0.1704280155232263
Q,10,24,0.27776393433780205,0.18301235181637512
Q,13,16,0.27838130149718143,0.17845351261493592
Q,14,29,0.2784937993809473,0.17873870864140415
Q,11,17,0.27926493539969205,0.20979410071105026
Q,13,26,0.2797217503514482,0.14816273250150677
Q,13,14,0.2799964611226568,0.18100138717860234
V,8,2,0.28014405259443553,0.16689986017433778
Q,21,2,0.2808614634980571,0.17750203164073314
Q,17,20,0.2809873252878102,0.171741611428931
Q,11,1,0.2811067175122525,0.16513010668904957
K,13,5,0.28115425571158986,0.1418121760316418
Q,13,10,0.2813149796637658,0.176031317325633
K,15,2,0.2816919087143768,0.16969623198220127
Q,9,25,0.28200458994410593,0.17098250350466898
Q,16,13,0.2823360854079309,0.17650438706619614
Q,14,8,0.28236164201644715,0.1883082150845826
V,11,4,0.2829633778081219,0.18499613183321884
K,13,1,0.28398169584644095,0.16418801362160912
Q,15,12,0.2844747732852545,0.18311933750931572
K,13,6,0.2845306986041906,0.1738956790879638
Q,11,11,0.28478460441549547,0.1834430041742074
V,7,3,0.28529150919689766,0.1829689581219049
Q,14,12,0.2858772508176836,0.17521733691853766
Q,15,2,0.28597737622001296,0.17623427857531854
Q,16,19,0.286472484529501,0.17822504097788067
Q,13,0,0.2868186902973836,0.1846372049210983
Q,15,8,0.28688754683010237,0.15605990686776047
Q,9,12,0.28698588626065974,0.1768064135985049
K,13,7,0.28712793865793534,0.16265320374311867
Q,12,8,0.2874970639361228,0.18170704368426002
Q,15,7,0.287645378196707,0.2050929391165259
V,11,5,0.28786510893936673,0.19022660632881047
Q,13,15,0.28825486427974967,0.1674937551063052
Q,14,1,0.28830348175304277,0.17682666597830504
Q,15,20,0.2883706380471715,0.17657872092972823
Q,13,13,0.28844331626277064,0.17671561658687301
V,10,7,0.28855578382669356,0.16236443590804187
K,17,7,0.2890452529546999,0.15017929738274505
Q,11,22,0.28907299629844274,0.17181403561472644
Q,15,15,0.2890801524741459,0.1813529005881701
Q,14,2,0.2891174200262164,0.17212278401734768
Q,21,31,0.2899647637533051,0.1900832400306284
Q,14,9,0.2906197906125914,0.1699265189123862
Q,13,22,0.2910874000044319,0.17645818999956073
Q,13,4,0.2912575943366827,0.17360370028762867
V,13,1,0.2914627882587414,0.14923749396179192
Q,15,4,0.2916616404380024,0.1787841068033725
Q,17,4,0.29236339288672697,0.17143135209873622
Q,14,22,0.2925778977607472,0.18957176999964656
Q,13,3,0.29278372199098446,0.1764787469710873
Q,10,26,0.2931609047596451,0.1832683316430493
Q,14,0,0.2937359051452441,0.18083748088628473
Q,9,23,0.2937633778677894,0.17346295960405247
Q,19,10,0.29417830106267506,0.1673615502170262
K,14,1,0.2941800318087777,0.16838194605803383
Q,16,17,0.2943817259738247,0.15637755099459547
Q,12,30,0.29484970782440784,0.18148537262452455
Q,14,25,0.29520042959218,0.15499090094209084
V,10,2,0.2956305771029646,0.18861079663186395
Q,9,22,0.295702828691389,0.18863340262647368
Q,9,28,0.2957503088818167,0.17970484789848692
V,12,2,0.29607990123106076,0.1836297545042459
Q,12,25,0.2961998834659335,0.19527829361270388
Q,12,29,0.2964476166288213,0.18839667260354298
Q,15,10,0.2965474901309767,0.16235115440372244
Q,13,20,0.29698125980818846,0.18439182073878083
V,11,2,0.2972061679740398,0.15821244441813512
Q,14,24,0.29727250940120253,0.20255926255166165
Q,22,11,0.298009696925094,0.16853734856910912
K,11,5,0.2984986815432815,0.17020572978410645
V,10,0,0.2986248310139962,0.17205899024333401
Q,16,6,0.2987516719991612,0.17096312047157528
V,10,6,0.2994408449708636,0.1948588309108754
V,12,3,0.29960073586712954,0.18801542379962796
Q,22,29,0.2996389189378057,0.17734279415257675
Q,12,27,0.29977575813433904,0.1845878392606825
V,8,0,0.3000768328818318,0.18589793008148622
Q,16,7,0.3001354388874615,0.17482277358454432
Q,9,13,0.3002405757644402,0.18097887978954458
Q,13,27,0.30027200726363407,0.18505666136700258
Q,15,24,0.30081361364748094,0.14325113973429104
Q,17,3,0.30083871439360915,0.19524819257625906
Q,12,23,0.30092988673683746,0.17981063568118752
Q,14,18,0.3012990678043866,0.19368229957254007
Q,7,20,0.30157973239389335,0.18709729742251646
K,12,5,0.3017342586406249,0.17742536167986064
Q,17,28,0.3021225878198555,0.1850884406006378
K,13,3,0.3027437716463224,0.16206956021982055
Q,10,19,0.30304104741984295,0.21550208331534795
Q,18,0,0.3031299925217531,0.19561589879383293
Q,12,21,0.30370464697515676,0.18156802855151855
Q,17,7,0.30386102919708075,0.17450815078023743
Q,14,20,0.30420039053226583,0.20745274997774024
Q,28,20,0.3051982077508706,0.17148736417493662
Q,9,3,0.30530469785642417,0.22230567068207704
Q,16,15,0.3053419072526347,0.2015311631723308
V,9,3,0.30541112694911726,0.19580279368842596
Q,12,24,0.3055408449089276,0.1849995375613954
Q,11,30,0.3058261310531067,0.16657641495433376
Q,18,27,0.3060827126070326,0.15780586860990534
Q,31,29,0.30610771340701803,0.15420424709133798
Q,12,4,0.30711004106371087,0.18566763740484413
Q,13,1,0.30737202364430716,0.20253817262370344
Q,18,31,0.30751853173731586,0.17764324853923114
Q,13,21,0.3082628885103818,0.17973623831152136
Q,9,31,0.3084410314481805,0.1693170673900762
K,20,7,0.308455562949864,0.19385764240785364
Q,16,4,0.30858851464711723,0.16800769709902294
Q,15,25,0.30927090749293373,0.19419376170322708
Q,9,15,0.30930273620397797,0.16734825312331028
Q,18,10,0.30996152748029326,0.15221865831527714
K,15,0,0.31011153160659805,0.18081755479309344
Q,18,24,0.3102964909945884,0.15386698734296336
Q,11,7,0.31057472619855503,0.17637355497029797
Q,18,21,0.31111614606615423,0.20395070705170967
Q,9,30,0.31146402609429646,0.19427697948886072
K,14,5,0.3119411533761632,0.1678066852239881
K,9,3,0.31207526598532465,0.19645725298121028
Q,9,0,0.3121120595905297,0.19887752198327877
Q,9,17,0.312748833455368,0.20946949693673603
Q,12,14,0.31290634135396284,0.21001096310845074
Q,16,14,0.3129779758867326,0.20010412137711858
K,17,5,0.31418107384152716,0.18226346068103877
Q,16,11,0.31435767341972726,0.19157603329033432
Q,24,17,0.31464082910152874,0.19210360698641968
Q,16,28,0.31486637730075157,0.16673452813444506
V,5,2,0.3148696623773288,0.2017083345557038
Q,13,8,0.314941008183989,0.18886327676598924
Q,16,1,0.3151514828066306,0.18205492465131373
Q,9,20,0.3154208995459539,0.2049151750207443
Q,16,18,0.3155339433233286,0.17215301311336606
V,14,1,0.3155866719416265,0.21045410304533899
Q,20,8,0.3156231577620744,0.20093354269075797
Q,15,22,0.3157610423022926,0.19062014301882146
Q,10,0,0.3161962755683179,0.1792607332260833
K,13,4,0.316756391396721,0.162961004147825
V,7,0,0.31694525135586576,0.1819361833839201
Q,16,27,0.3170681644663276,0.19410925231211937
Q,16,9,0.31708629153702167,0.190866131398724
Q,17,1,0.31716545442294003,0.1461937205003839
Q,16,12,0.31723045136552913,0.19864570890062982
K,21,0,0.31735260410067256,0.16898979669378192
Q,12,18,0.31769236834205294,0.20594472531390914
Q,15,11,0.31778555572090617,0.22017063510334298
K,15,1,0.3179813578091047,0.18344257964167224
Q,11,0,0.31805307985758285,0.1953623371951844
Q,14,5,0.31837038968091963,0.18181897958248344
Q,12,12,0.3186242250385232,0.19094898777384295
Q,21,14,0.31864837083694375,0.15705018534252566
K,12,7,0.3186640439120866,0.2027664214707824
Q,13,9,0.31870922803884705,0.16292319570459174
V,11,0,0.3187539338700464,0.22682352210108983
K,14,2,0.3187810628199285,0.1816363662793423
Q,16,8,0.3195119475938631,0.19830832898347184
Q,17,0,0.3200511571979631,0.19097502799963958
Q,25,18,0.32032208477582813,0.19928142857382677
Q,17,29,0.3204228033545501,0.18692462395504242
Q,14,31,0.32108945762699415,0.18584511226210465
Q,22,0,0.3211422536782482,0.18070945530952418
Q,24,20,0.3211646796250213,0.19475494030783683
Q,26,3,0.321330014729509,0.192944300449795
Q,12,3,0.3216611309069762,0.18535401112467853
Q,11,2,0.3220257921009142,0.21925974293006395
K,9,7,0.3220924022309276,0.18225380451466824
Q,14,3,0.32217016974509255,0.1976221949753128
Q,15,3,0.32236046025373394,0.1927345306581615
V,9,7,0.3226308623985033,0.1903115507542042
Q,12,10,0.32278171394171423,0.23163263265415457
Q,18,18,0.3231760069585294,0.18271259563681191
Q,12,9,0.32319598276817124,0.22240273747052142
Q,19,8,0.3234210654463559,0.20078364592871106
K,11,3,0.3234748556876046,0.1961242352882613
Q,19,14,0.32361020484532194,0.19374408053595193
Q,16,2,0.323690876237043,0.17970621611212198
V,7,5,0.3237574915771761,0.20348028972166907
Q,16,16,0.3240504071235066,0.18232330520641485
Q,16,3,0.32418017255271075,0.18093023835226646
Q,21,1,0.324355800509233,0.1494688335243746
K,20,6,0.32468820445740965,0.1771039582751974
K,19,3,0.324708036538207,0.19567189792120288
Q,14,14,0.32500584919856573,0.2256278916926084
Q,21,0,0.32504477230950185,0.17411624889842514
Q,17,5,0.3251667279315133,0.15907838578712785
Q,17,25,0.3253757575469619,0.2088142472908241
Q,28,23,0.32546845603690977,0.1819411223188902
Q,24,27,0.32555351075016137,0.19800604570805116
Q,16,26,0.3255608425776066,0.21075035568166725
Q,16,21,0.3260524098938582,0.19734647884410195
Q,9,14,0.32659773073230186,0.20467447605241626
Q,22,1,0.32666580814619556,0.18466339171178
Q,17,10,0.32676598466505374,0.21006760102329966
Q,7,29,0.326922894244959,0.2100699617546184
Q,13,12,0.32706728343669433,0.18255379601966865
Q,15,21,0.32722644877415286,0.1759430251912366
Q,22,8,0.3276076084038764,0.19185395624876245
Q,16,25,0.3276076186703692,0.19392802924019245
Q,9,2,0.3277095672572283,0.22006973414105752
K,14,3,0.32776208052948147,0.19278750924575438
Q,17,21,0.3279661988145852,0.1998095322640598
Q,8,13,0.3280004779613636,0.21060899531935748
Q,20,27,0.3287337608264229,0.1884934635097489
Q,12,16,0.32887165110484345,0.2022516862942082
Q,28,10,0.32894055766196517,0.15693684280817288
Q,8,7,0.32910571159805063,0.18906158002782317
K,16,6,0.32910579251519156,0.1703098348927736
Q,7,28,0.32913118686024917,0.20862065605239632
Q,19,3,0.3292885562526111,0.19756585958167333
Q,14,16,0.3293703837132677,0.1685970526218428
K,16,3,0.3296988133969798,0.210603079723976
V,14,2,0.3297310290987694,0.19510994231469306
K,14,7,0.3298833147663822,0.19644676017039178
Q,12,7,0.3298976802147142,0.19325760815844295
Q,21,26,0.33012202812631686,0.20636054363895295
Q,10,23,0.3301841920658505,0.2189725140809719
Q,22,28,0.3303783969087592,0.18577641521614255
Q,23,5,0.33067661936871084,0.19068413223044026
Q,14,30,0.3307566256519394,0.18754374888508082
K,16,0,0.3313102013745382,0.18108125574814513
V,9,1,0.33207284011474847,0.1891230410089642
K,11,6,0.33220630605361395,0.21691180021184628
V,15,1,0.33302618818467894,0.23058650532629194
Q,11,18,0.33345625532255907,0.22013136011864226
Q,16,24,0.3337980572162087,0.18534970103175308
Q,11,15,0.33388122437084405,0.18536042001947056
Q,20,28,0.33480701440758,0.19760963325464467
Q,24,16,0.33515273894267084,0.1887964598943631
Q,28,8,0.33518416190643313,0.16618602031950774
Q,17,18,0.33534600645600315,0.18114371537654658
Q,15,16,0.3353798188487123,0.1729165873416149
Q,9,27,0.33589625798270417,0.2213443414863966
Q,11,5,0.33598512849375195,0.20129079200945843
V,13,4,0.33607521243704375,0.18290698719984766
Q,17,27,0.3361904249091994,0.18507531542293124
Q,17,2,0.3363225094778818,0.18876720913891257
K,18,2,0.3365315977391779,0.18762855072263443
Q,17,22,0.33687897870604766,0.1966798513129502
Q,17,8,0.33694841582090246,0.20798751429310777
K,14,0,0.3371687521581774,0.1995592471788548
V,7,6,0.33723566851536313,0.19138829941837107
Q,12,5,0.33736582995695813,0.19472551937287344
K,13,2,0.3373947090490413,0.1816747960332787
Q,22,10,0.33747128592235914,0.19818218775714597
K,10,2,0.33751627679044205,0.21203333769976268
V,11,3,0.3379289323497508,0.21481902626968932
K,13,0,0.33809944376799167,0.19252516046994472
K,11,2,0.33824110083835074,0.21959630995202484
Q,22,16,0.33838813391370426,0.20064183815435938
Q,23,19,0.3384174829549609,0.19149419715405208
Q,21,29,0.33849578291671584,0.19641742531021297
V,14,7,0.33850252317910595,0.17340894027278342
Q,18,11,0.33850666804105856,0.17517655272576108
V,6,3,0.33958250669572004,0.1889138325944877
Q,19,12,0.3396842390597322,0.19851445024484243
Q,12,0,0.3399880248205452,0.17136006481970018
Q,26,19,0.3399987941702182,0.17077717966898304
Q,23,22,0.34009525518296757,0.20261957302984637
Q,23,20,0.3401896953681983,0.18735034050018634
Q,11,23,0.34020486417316453,0.21397433543151037
Q,8,15,0.3402526521164123,0.2030557628808259
Q,11,19,0.34052988539061035,0.23617139897381415
Q,17,30,0.34104179025387876,0.1854437237875668
Q,13,29,0.3411817622787351,0.19466730206290533
Q,14,11,0.3415120704091402,0.20704654081874876
Q,28,21,0.34151811477167304,0.20668375675792672
V,13,7,0.3415182456971738,0.2184352268001053
Q,5,26,0.34168764588491546,0.20758715278796028
Q,13,19,0.3419938489441639,0.19110347186194515
Q,15,13,0.3423101561442112,0.19737419715723195
Q,12,1,0.3426630823634253,0.16531945883742347
Q,20,26,0.34268909877853054,0.2035400912664491
Q,22,2,0.34273320415953024,0.19413693852118377
Q,11,20,0.3429186818203062,0.21780790254372812
Q,23,27,0.3433034963317962,0.1863470498306514
Q,16,31,0.3436485438769918,0.1764741425139643
K,17,6,0.34378486221331,0.18766213740508825
Q,22,9,0.3437852310799235,0.17457865241790074
Q,10,17,0.3437909708450628,0.2018048550623811
Q,18,29,0.34437896751591746,0.1882228915532823
Q,20,9,0.3452912134427022,0.17577316957006495
Q,6,25,0.346402980119238,0.21255337158158835
Q,19,13,0.3469150126066913,0.21926795352882072
Q,17,13,0.34710904455342917,0.16477217557530296
Q,12,6,0.3471245519318929,0.20656599885146743
Q,23,25,0.34718436651403994,0.2074512218122989
K,12,1,0.34778798632437047,0.20884541006492993
Q,26,27,0.3478243614204768,0.204499252776027
K,10,3,0.3479233025660964,0.20446452099978354
Q,29,31,0.34795161168865013,0.16941231673998675
K,22,2,0.34810171521463645,0.1960873194458892
K,10,6,0.34842223347724144,0.2265701397612484
Q,20,20,0.3484823179458731,0.21108735000066045
Q,10,8,0.3491419683764446,0.2006147790398387
Q,8,14,0.3493347929824976,0.24859975012805818
K,12,2,0.34941487303785934,0.21521157699269547
Q,17,24,0.3494368114441036,0.20734251075701243
Q,15,6,0.3497352489516632,0.18819601435525962
Q,18,12,0.3498433692947943,0.136233831986792
Q,19,22,0.34997650663238855,0.19918957753205221
Q,24,22,0.3500261742413786,0.19928807167093004
Q,22,27,0.3501953615800476,0.19724424084580258
K,9,6,0.35052924004819225,0.21313760275211366
Q,27,8,0.35096016690650933,0.21352239160427194
V,9,6,0.35116319173479676,0.21848728690007352
Q,10,18,0.35118438626187964,0.2172461345608296
V,9,5,0.35118915791286537,0.21039805579219972
Q,10,1,0.3512942393610289,0.2031715461582721
Q,13,24,0.3513932786153213,0.19232454136347918
Q,9,19,0.3517353914053588,0.2300751454691758
Q,9,16,0.35185798407450053,0.24791957431841494
Q,10,21,0.3523339062466138,0.23831365745867922
K,10,4,0.3526439099974684,0.21676115829521617
V,13,5,0.3528116972271819,0.2074052259135499
Q,11,8,0.3529997307594712,0.21922309800827752
K,18,6,0.35369783351808787,0.23234256382981436
Q,19,20,0.35391647369396767,0.17242087518848678
K,11,4,0.35392987334151943,0.2302169688990286
V,5,6,0.35405633727926433,0.2382126251699701
V,8,3,0.3541562716146805,0.193336923347586
Q,14,23,0.35429429214146996,0.21343804801538274
V,10,5,0.35439911478245006,0.24073013907306134
Q,6,4,0.35446078728316616,0.1992573413212627
Q,18,8,0.3547154392566826,0.19762475451110226
Q,16,0,0.355004508280827,0.19166989548900418
V,9,4,0.35567043329828224,0.2133317987056466
Q,24,18,0.35576985449175286,0.21155505968764232
V,13,2,0.35579762401566883,0.21126936942249883
V,11,6,0.3559587041465359,0.19308655810815084
Q,24,23,0.35604867941224416,0.21087207453168094
K,9,1,0.35620706343778785,0.2251374922067193
V,12,6,0.35633169181332625,0.26461956014265886
Q,26,30,0.3567035363989113,0.18220903066663552
Q,21,8,0.3567725691893969,0.19382473538198747
V,13,0,0.3569731612118913,0.20458750468595882
Q,21,15,0.3569860917285057,0.21794525734384945
Q,14,27,0.35717308224733174,0.23374260913346068
K,9,4,0.3578619373303506,0.22301439031092984
K,9,5,0.35797678981039643,0.20908340328602973
Q,10,31,0.35799487166411553,0.2210434486547862
Q,26,21,0.35898331714015697,0.19974202500809918
Q,8,29,0.35914965788593867,0.2286232931595004
V,8,6,0.3592582602503629,0.2123070920922134
Q,20,25,0.3593546153287756,0.2056405636368232
Q,22,31,0.35963888655885456,0.21369139817387656
Q,12,2,0.3598402582169652,0.178949935710361
Q,23,12,0.3598740876118306,0.21615912394744355
K,15,5,0.36002398336126895,0.21600977472992058
Q,9,9,0.36002665301906855,0.2570345899711541
V,14,5,0.36013201179205057,0.20646349592242133
Q,26,26,0.36026737930282443,0.2169747968171796
Q,10,9,0.3606781059339198,0.257664939105211
Q,12,13,0.3608415514974027,0.2500557368345877
Q,19,19,0.3610336360909084,0.21588978785293064
Q,18,20,0.36104844604094166,0.222473718448107
Q,18,30,0.3612439838335382,0.2071731770895059
Q,25,14,0.3614996314485133,0.22082615178814155
K,19,2,0.36166539763591105,0.22344490260898792
K,8,3,0.36210041851871605,0.23857249745082032
K,12,0,0.3625030451005225,0.22195899100761618
Q,19,21,0.362523550116964,0.21369113123030264
Q,28,27,0.36277284902855517,0.2134309332267856
Q,21,11,0.36296385833653816,0.1950160515567534
Q,18,15,0.3633147436468653,0.22038945741928423
V,14,4,0.36369569857131256,0.18236508280111388
V,8,4,0.3637470644014635,0.2475518765181715
Q,30,18,0.3638689763297604,0.2141050732529393
Q,20,10,0.36387176596252785,0.21152301139465626
Q,13,11,0.3643527643271492,0.22028998747269915
Q,23,6,0.36439632361129176,0.20695621924551755
V,4,4,0.36540582095651003,0.2066495187418003
K,20,5,0.36649827427044096,0.22264074941780357
Q,18,28,0.36670364989957077,0.21786727235870199
Q,10,29,0.3667719765769373,0.25439047277307913
Q,10,20,0.36707535511345185,0.223709588989263
Q,13,30,0.36720060698573564,0.2369613111628479
Q,19,28,0.3677575202256351,0.2322352927450008
K,14,6,0.36783437856876905,0.22071065683716362
K,16,5,0.3685749541560197,0.20494075202922082
Q,20,23,0.36873667997738996,0.21974868919571378
Q,15,29,0.36922056041060497,0.2275779162936865
V,16,2,0.36929748647562977,0.2110413986955258
Q,9,29,0.3693919461622392,0.22888438219897078
Q,10,3,0.3703807991955771,0.21567199948872573
K,12,6,0.3704139677355895,0.22413863261073594
V,19,7,0.3704452350951619,0.23038896749905766
K,10,7,0.3705529686696833,0.2512582954545435
Q,7,3,0.3709523466693949,0.2118045671701616
Q,26,14,0.37106826695937695,0.20815942406553276
V,21,2,0.37121581452015234,0.23364401160867976
V,12,1,0.3712769988286717,0.25679021679722625
Q,24,3,0.37130125680239795,0.2123583936666445
Q,23,26,0.37189382189391057,0.16826474040986325
Q,9,24,0.37226998453873467,0.2535100465731045
Q,10,25,0.3723295988958939,0.24349983851816537
Q,30,19,0.3726228579426228,0.18848652183385398
K,16,4,0.37274981104818466,0.22478484444218663
Q,22,13,0.37287546248532855,0.2181369253799278
Q,25,15,0.37291684073328496,0.19980950565714553
Q,18,9,0.3732112180045607,0.1770938269459824
Q,17,15,0.37334423786492776,0.21702342988712978
Q,8,30,0.3736284871260872,0.23341682853799545
Q,5,25,0.3736409650145573,0.23140005365048316
V,16,4,0.3738894061028458,0.2191356435614102
Q,23,13,0.37397174705296277,0.22850959734861134
Q,15,17,0.37403186191244814,0.20868284581962296
Q,26,11,0.3740441452791723,0.2105571559939209
Q,5,16,0.37408611493324834,0.22863087992069922
Q,8,12,0.3746090745794024,0.22938801596146452
Q,19,0,0.37475887326003077,0.20875215176106787
Q,21,9,0.37501264708316817,0.2636756505067435
Q,10,28,0.37516088038144396,0.2573008150489698
Q,12,17,0.3759677176024999,0.20795572580768548
K,18,5,0.3768268346861573,0.2231301247904646
Q,21,13,0.3769572619808128,0.23692566567072182
V,16,7,0.37707079975408364,0.2186124886185916
Q,15,1,0.3770877613546063,0.2143443353223403
Q,23,17,0.37738678878812393,0.23660123748928655
Q,20,31,0.3774343848181126,0.20369010135476256
Q,21,30,0.3775986553029082,0.22542272770963664
Q,25,4,0.3780387237611139,0.21471399316885206
Q,27,23,0.37807618088205536,0.22487819961715405
Q,19,7,0.3788342377772908,0.228178715723322
Q,22,15,0.37892542201818585,0.20821559138314885
Q,9,8,0.3793549845891585,0.24972931453881622
Q,7,6,0.3793784528988083,0.22531548781462965
K,12,4,0.3794371281382394,0.24000738720322118
Q,7,15,0.37946358878073855,0.24092696659293766
V,4,6,0.37966450025200205,0.22904010837570596
Q,23,14,0.37973553035783836,0.2550291091553617
Q,18,6,0.3797570745350336,0.22512287127880362
Q,8,20,0.3799289262093901,0.19854287607428278
Q,23,24,0.3802450064945335,0.223951312243835
Q,29,30,0.3804171483584424,0.17665443475215972
Q,15,0,0.38106858910188374,0.22854805641282414
V,18,0,0.3812071493934366,0.2608250634074296
Q,25,12,0.38123416509913194,0.22530509223967646
Q,19,9,0.3814748461081551,0.2115524453163999
Q,10,16,0.38162101304830026,0.23440839979737219
V,11,1,0.3816918489161202,0.21422108583209334
Q,11,31,0.38179436526760296,0.2548957762038408
K,24,6,0.3819010538396302,0.226395958989619
Q,10,6,0.3820191650770793,0.23725256832526168
Q,10,15,0.38208452075863275,0.23755261761233537
V,8,1,0.38215985795436785,0.25246257937840144
Q,12,20,0.3824257508529486,0.23130516683792265
K,19,0,0.3825191746473676,0.23799852764025048
Q,24,24,0.38276240897731756,0.22788914411600725
Q,7,18,0.38283471141323744,0.24783625105860876
K,7,3,0.38305247884656335,0.20812548982989126
Q,28,0,0.38322884707710864,0.190676313068714
Q,8,28,0.38333440789068496,0.27166227715372976
Q,11,21,0.38355968531840906,0.22889392741552214
Q,13,25,0.3838565456188942,0.2342868172649648
Q,25,7,0.3839129657560186,0.21830622935906213
Q,25,13,0.3841400723511187,0.2246032453390907
K,17,4,0.3841788404457402,0.24540114965493348
V,6,5,0.38483332805588005,0.2537705379307691
V,7,1,0.3852307512523961,0.20574948560784342
V,10,1,0.38532866693838147,0.225975930525485
Q,10,27,0.3853595021841413,0.23887936498329948
V,6,1,0.3855295152052006,0.22639193079914405
K,5,0,0.385619962874075,0.220533517613223
Q,20,29,0.38568822262805685,0.23839777834980036
Q,7,12,0.38588512160264704,0.2292613985201929
Q,7,13,0.38594376267748853,0.24241467399550393
Q,24,25,0.386305618144009,0.20993911069570284
Q,25,17,0.38667959322782597,0.24392626813700158
K,14,4,0.3867400622810621,0.23196473632775977
Q,22,24,0.3867653656127677,0.22529555529091883
K,22,3,0.3867967276503572,0.23663027089685487
Q,28,9,0.38707690445134124,0.23562810119782765
Q,18,23,0.3871821049734875,0.21617710384249225
Q,23,28,0.3878027068672321,0.2609180820079492
K,15,7,0.3881312094536483,0.24251309701397394
Q,21,3,0.3881750764553474,0.20670707866141416
K,11,0,0.38825894286689916,0.2624987527867679
Q,28,30,0.38839880884057676,0.2202840050683368
Q,21,12,0.3884872565170241,0.23832135938746435
V,4,5,0.3886703674013014,0.2614152064648186
Q,21,27,0.3894612666082942,0.23612775919466542
Q,30,23,0.38949549900279784,0.20734565323184267
V,11,7,0.39014996167353017,0.23669579265505897
Q,8,26,0.3903308629408801,0.2662965788454484
V,5,1,0.3903524352813272,0.2218049877192191
K,10,5,0.3906887583066689,0.24877450705123053
Q,11,6,0.39092346583934207,0.21157216873020562
K,21,2,0.3911428470245917,0.22477438925663074
Q,20,24,0.3911887277094198,0.2207609553572032
V,21,6,0.39133306646261806,0.24430283001248979
Q,2,4,0.39161247463417104,0.21519243326946108
Q,27,11,0.39194379485917985,0.2508960071771451
V,17,5,0.3920146298378948,0.23262020682934212
Q,10,7,0.3921603583063085,0.24421136882216632
Q,19,4,0.39233738657749734,0.21959360305538045
Q,22,12,0.3929437196777753,0.19551586776540228
Q,9,10,0.3931802776918624,0.26785976222423136
K,8,6,0.39328146984383194,0.24795535380635078
Q,28,31,0.3933709818329234,0.23726214760873218
Q,22,7,0.39363850269124057,0.17949259277745555
K,8,7,0.39379600516324037,0.2192829396725614
V,7,4,0.39394098824289386,0.23709017493847157
Q,25,5,0.3940179284579334,0.23647459788617992
Q,8,27,0.39420840698460646,0.26017729048756416
K,9,0,0.3942288449671131,0.24105842821721044
Q,21,24,0.39423718946717734,0.254654691285633
Q,17,6,0.3944070516004687,0.19708933931220934
Q,11,28,0.3945130360438479,0.20161603826688151
V,9,0,0.39453075922182834,0.24246344708146816
V,13,3,0.39455206708522783,0.2245578913576918
Q,23,8,0.3947311584721384,0.2455477116341127
V,8,7,0.39482419017285125,0.23061828777273458
K,10,1,0.39487813006997646,0.24830419196213288
Q,27,28,0.39489188077608955,0.21969667174793317
K,9,2,0.3949539057164523,0.22312680811429764
Q,23,29,0.3950106763666708,0.24257904906023914
K,23,4,0.3950356105763781,0.24591644981189745
Q,11,4,0.39511560656864275,0.29264332914010754
Q,26,23,0.3953585952981264,0.21233414547567098
V,17,1,0.3954900825926807,0.26755795890061934
Q,22,5,0.39564306030425034,0.18915689766594582
Q,12,22,0.39564584195721986,0.2527649886275639
V,18,3,0.39564771189710707,0.2603072091021212
K,22,0,0.39587807955793497,0.2556101048700315
Q,22,14,0.39605257222712764,0.2131254262050045
Q,20,2,0.39615311584673096,0.21801480687209934
Q,26,25,0.3961732943746937,0.23120229131688483
K,6,1,0.3961842833826461,0.23018187899227008
Q,27,20,0.3964040862829127,0.2269511681611877
Q,20,6,0.3964969659653662,0.20979656463743376
Q,11,16,0.3965663976286731,0.26314517041803154
K,17,1,0.39667946140611315,0.23466533186174918
Q,23,23,0.39702610912208086,0.23962547495722825
Q,28,24,0.397209257730228,0.19788785479911572
V,10,4,0.3972427076246124,0.25373682714089835
Q,31,0,0.3972997076751612,0.19495023902309183
V,9,2,0.39803355812816554,0.2450621922969498
Q,20,21,0.39823137446526713,0.23844773930239424
K,4,1,0.3984143348299609,0.23676580439137668
Q,14,19,0.39851946415405215,0.2471543340014428
Q,9,18,0.398558237305232,0.2847648271596188
Q,27,16,0.39858113008646584,0.21342178746362223
Q,23,18,0.3989778246458485,0.23731494034225475
Q,18,14,0.3997086877726535,0.22403307959430802
K,28,6,0.39989708213666136,0.22954345511920848
Q,9,1,0.4001854520077558,0.25323175544674287
Q,19,11,0.4001868812784492,0.24596171144745604
Q,8,11,0.4005145527346651,0.27615985799188714
V,28,6,0.40057107312268647,0.24488696363668702
Q,24,26,0.4007821084406354,0.22428910681890962
Q,28,18,0.40100143129884513,0.236683541237418
K,20,3,0.4011626969693249,0.23916642613111308
Q,4,22,0.4013114817372165,0.2736487213045104
V,12,7,0.40291460180570804,0.20979051890256367
Q,17,16,0.40296317556482747,0.2100791431139143
Q,15,19,0.4033620788917757,0.19909850454102954
Q,19,27,0.4038133110163024,0.2498583793147945
Q,26,12,0.40382395996135684,0.21217769562508718
Q,22,30,0.40411413635384247,0.21911492858023537
Q,29,22,0.40412709326464163,0.2161709234175749
Q,21,20,0.40436448196614216,0.2128773903945199
Q,4,1,0.4044727203714741,0.291346605257422
V,14,3,0.4044811123813746,0.24421531860273288
Q,8,9,0.4047680251529494,0.23207284385005428
K,8,0,0.4048074014555446,0.26286930206683284
V,2,5,0.40501339708080525,0.24959503703246763
Q,30,27,0.40505773764552794,0.19822589490239767
Q,21,25,0.4052311609149004,0.26996189716830776
Q,28,22,0.40552338084964107,0.2087977029849597
K,6,2,0.40571123777717444,0.23918600448623564
Q,6,20,0.4059803422020958,0.2713612716012312
K,28,5,0.4059954321622194,0.23297257977310043
Q,28,13,0.4061962899066078,0.22205859569095227
Q,8,10,0.4063674279425878,0.27827316790012246
Q,27,10,0.4065422511190332,0.22874074533066122
K,7,4,0.40681113139804825,0.22879801674681016
Q,16,5,0.4068571010266539,0.24037670350354937
Q,19,2,0.4075651185405086,0.2285117201428466
Q,21,21,0.40785510447188644,0.22723577266524178
Q,30,17,0.40787033529276595,0.2171913457662395
Q,14,17,0.4078739473294196,0.2511050453064713
Q,23,9,0.40793906676691166,0.25548425820130727
V,18,2,0.40818268868839436,0.23634062374638645
Q,7,9,0.40831326975776,0.27610104119565326
V,14,0,0.4083538226657279,0.2813496781746696
Q,25,3,0.40845136557037176,0.2116835825725457
V,16,6,0.4086824918559917,0.25769365026716357
Q,20,15,0.40870953405319727,0.2350605573041053
Q,26,2,0.4094305206718829,0.22444597494554425
K,18,0,0.40968419513190973,0.28068270116109856
V,10,3,0.40971656145757357,0.25152338750779246
Q,20,30,0.4098770012890034,0.25535369362798027
Q,19,25,0.41013308399135445,0.22953110931797396
Q,8,25,0.41031673267430996,0.2851733759557267
Q,30,24,0.41035974251446805,0.22370798362955158
Q,23,31,0.410497393489835,0.26385655580162454
Q,7,14,0.41061441801885595,0.24052989811691977
V,19,1,0.4106434244659331,0.2539138305828676
Q,8,0,0.4106918345186467,0.26599869524405734
Q,15,31,0.41098285809092044,0.268815044864903
K,15,6,0.41186487111540854,0.2694471391639243
V,23,4,0.41187441878776726,0.24723131479029967
Q,17,14,0.41209091702852896,0.22196154936429166
V,19,4,0.4122873092995655,0.2605042207967715
K,7,5,0.41230598853276185,0.27307854226324385
Q,26,0,0.4123409779534644,0.2052608416993359
K,11,1,0.41297054990489657,0.2432544274102917
V,5,0,0.4130350314720984,0.2168518411351549
Q,23,0,0.41313784777515244,0.17399382996421825
Q,25,27,0.4132411782551365,0.2527006255156484
Q,26,24,0.4132720066329239,0.19659657748855355
K,25,1,0.41329737655138266,0.2586181454044459
Q,8,24,0.4139990295215261,0.29657215389376346
Q,9,6,0.4140421617858516,0.2321994952147266
Q,23,30,0.41429303078660046,0.2633579994094708
V,18,5,0.41447615866462073,0.2534172986669325
Q,15,30,0.4145584042486043,0.22253367509740182
Q,30,12,0.41480209883800734,0.22589454583103133
Q,22,3,0.41509338100910126,0.24723218508045341
Q,7,16,0.4151203949405302,0.28006150250787215
Q,0,31,0.4151308731188124,0.2731801053347623
K,8,2,0.4153862129372269,0.24903809103081653
Q,30,1,0.4158919856205797,0.22358952111978256
K,16,1,0.4162601359459497,0.2781772887256407
Q,18,2,0.41717739991131764,0.2090822771868214
V,22,1,0.4174066100094668,0.23274897479183848
Q,7,23,0.4174793418836279,0.2558615337019044
Q,8,21,0.4175954309401977,0.1816487616729713
Q,25,25,0.4178370639585177,0.25164694445612706
Q,28,28,0.4178560525675214,0.23894457753780682
Q,26,29,0.4180189780215198,0.2122647101007272
K,23,1,0.4182325471421474,0.2780451182957434
V,15,5,0.41829262264995104,0.2703225686471835
Q,31,17,0.41831472470596825,0.18947874977357718
Q,24,31,0.4183528761296132,0.2451982664330792
Q,23,7,0.4187836958734614,0.2355675129446469
Q,29,8,0.4188364863133788,0.22540360388828778
Q,7,8,0.4189304254933684,0.23749151082659564
Q,5,27,0.4189355431209382,0.24962420582989295
Q,29,16,0.4198789989954698,0.23765450491541093
Q,25,6,0.4201088255836902,0.22856598024894476
Q,31,16,0.4203332755322135,0.18353464170323652
K,16,2,0.42049308397194696,0.26152073189429514
Q,9,7,0.42063341356362993,0.2257122549928331
V,2,3,0.4206598682889899,0.23895996613122977
Q,27,3,0.4207371409674082,0.25788639930198515
Q,10,10,0.42117894131480166,0.24707928538875518
Q,31,7,0.421322849919751,0.20690975987821295
K,22,7,0.4214763820927011,0.26254350734815635
K,15,4,0.4215651207457023,0.2578615269342405
Q,22,17,0.4216315803285813,0.2569746912085327
Q,18,22,0.42171658878153717,0.21642663578758345
Q,29,28,0.4217306378182747,0.21852736810022502
Q,22,23,0.42189374082210146,0.21712695535564436
Q,31,31,0.4221481590121431,0.2195257075854941
V,24,0,0.42222203236629574,0.2696845626584078
V,27,3,0.4222719632955546,0.2217486741142231
K,6,3,0.4232947781603281,0.2359343714198572
Q,8,31,0.42358064479080876,0.2033203380054826
K,21,3,0.423627561019534,0.25247002179881506
V,7,7,0.4237328478552718,0.27196012650383405
Q,26,1,0.4241057318406293,0.2154298680225516
K,26,3,0.4244572785147674,0.262439316800542
K,25,3,0.4245106911725121,0.26827596046729835
V,29,2,0.42451515939411755,0.23499670901738853
Q,29,20,0.42461690066371016,0.2158266398540236
Q,26,9,0.42467632425069674,0.23491625659938578
V,15,6,0.42507282525455065,0.24850132075949072
Q,4,15,0.42564786992252557,0.29149281245177827
Q,8,16,0.42599312119724014,0.28818798754076286
Q,6,15,0.42634750119629466,0.29624395416453037
Q,4,9,0.42643981437456735,0.2637973875704487
V,12,5,0.426461880984367,0.25386264722204993
Q,27,5,0.4265351151678821,0.2275625849885656
Q,28,1,0.426798934244253,0.2395965000070045
Q,16,29,0.42681971636655647,0.24122323741338028
V,17,6,0.42702400063522444,0.25791963712227955
K,24,4,0.4277061531969569,0.27531768725901024
V,4,0,0.42778126347061524,0.21344620052329158
V,6,2,0.42796541333569577,0.22942107819191768
Q,26,31,0.4280534265290015,0.21458623076953337
Q,8,2,0.42823624704517044,0.27888403571999426
Q,19,5,0.42832384554279473,0.2228466805529154
Q,25,16,0.4283439888018907,0.2807674590072566
Q,6,14,0.4285969636871711,0.2633329256231909
K,24,5,0.428653389521999,0.27876466779322573
V,18,6,0.4286545692072175,0.26715319851549296
Q,6,30,0.42870298018070924,0.2375544518867796
Q,18,7,0.4287641071869885,0.24595862626042353
Q,26,15,0.429226223431815,0.23335086001047473
K,15,3,0.4293747759084033,0.2610802574906154
K,30,7,0.4293832202659218,0.26576462433995934
Q,3,24,0.4294058692059471,0.26616650717481183
Q,29,11,0.42963199926018103,0.23492277555222438
Q,7,11,0.42983331816981507,0.24230817076838773
K,5,7,0.4301941420881402,0.23366346390114687
Q,25,1,0.4304922930557791,0.196547152303726
K,7,2,0.43061321880503434,0.2322282042709696
V,6,0,0.4308320705094453,0.2300345676544112
Q,7,19,0.4311436308725183,0.26247829956325586
K,21,6,0.43141783685238105,0.2738880567694313
Q,22,4,0.4314214532392979,0.22665475595968107
Q,30,14,0.4317215227716426,0.23449802434327358
Q,10,2,0.4317621072260201,0.2541815575242917
K,30,0,0.4318780323265885,0.23713175946607182
V,14,6,0.4323946445844767,0.23557034658384615
Q,7,26,0.432469675087774,0.24304680024773673
K,31,7,0.4325634190884811,0.24470236070472395
Q,13,28,0.4325975549500865,0.2503075371678869
Q,6,0,0.4329925627834658,0.2652459089050319
Q,8,8,0.4330114342615052,0.25538546568844606
Q,21,22,0.4333344236909348,0.20093827458150346
Q,20,4,0.4337180516303817,0.23721768105859542
V,3,0,0.43388639971492565,0.2362937626271463
Q,25,26,0.4345530263111036,0.23423765047003392
Q,15,18,0.4345563968957615,0.19345251089216006
Q,4,7,0.434740469839112,0.24721531054735713
Q,27,18,0.4347719420286411,0.25394140796788023
Q,8,19,0.4348801893715659,0.25732665047985553
Q,16,20,0.4349658560683804,0.24277951408152312
K,22,6,0.4351236942717895,0.2553918209698404
V,20,3,0.4353080524718304,0.2532500437515041
Q,31,21,0.4357161679577057,0.25625570099678324
Q,19,23,0.435780149562162,0.2392693044660416
V,19,2,0.43578488325759246,0.276901662382159
Q,6,7,0.4357938994538872,0.2222428048192331
Q,26,6,0.4358873129975482,0.27920215905673235
Q,30,2,0.436378207567806,0.2510572388626211
Q,7,7,0.4363900492332216,0.2745690664331313
K,27,1,0.4366957089641514,0.2561672870929078
K,21,7,0.4367531676657699,0.2677282407093885
K,20,2,0.4368721610527998,0.27291823503534873
Q,7,27,0.4369011431962971,0.261671773734027
Q,10,14,0.43692200956218724,0.22949454356557705
V,17,3,0.4371080369087018,0.2558986577372205
Q,30,3,0.4375187474756759,0.25625403972215566
Q,31,20,0.43765517801068393,0.25347912281254587
V,6,6,0.43786155187836195,0.21006106965444116
Q,24,12,0.4382706930962638,0.16883975222475164
V,6,4,0.43830983732722567,0.22200703439504968
Q,7,17,0.4383369161118481,0.23219001024884744
Q,7,31,0.4387993750191279,0.26547653307126023
V,17,0,0.43885108285840585,0.2499403068171341
Q,5,24,0.43912305479808456,0.268804461319415
V,5,4,0.43949089619573384,0.2426829423973401
Q,4,8,0.43958469503703057,0.2970402956776148
Q,17,17,0.44046079694678464,0.23420979986439766
K,19,1,0.4405690352891888,0.2619869221291778
K,19,5,0.4410053343366185,0.27238675801719664
Q,26,18,0.4410478611603926,0.26060520862187314
Q,19,30,0.44122403654289133,0.2678439212285023
Q,9,4,0.4422824976286117,0.2347622567948408
V,7,2,0.44231323195218775,0.25538493273625323
V,23,0,0.4423860109375759,0.28237329177973275
K,23,3,0.4427395998772153,0.2776625495543186
Q,16,22,0.44288162281339105,0.24524813443628773
K,17,0,0.44328951890783075,0.2726929386864417
V,16,3,0.44373113905913775,0.27566631986063417
K,23,5,0.44378232395339295,0.2644900244423934
K,25,4,0.44395949043221716,0.2800252563933921
Q,23,16,0.44408474757637184,0.26991274053269604
Q,6,5,0.4440924219190568,0.28325490598984154
Q,28,29,0.4442682241230713,0.2328237165914319
Q,3,31,0.4442726408107823,0.2640111232236396
Q,25,11,0.4443632396381816,0.25320514309045616
Q,27,24,0.44441788633186274,0.23366644636544967
Q,25,0,0.4450860414354567,0.22301045437740813
Q,24,30,0.44522566403450836,0.2572421661588753
Q,5,30,0.44532721186640967,0.26385540144073455
Q,27,22,0.4456829646149946,0.2569315326724495
Q,31,28,0.4458209706854417,0.21293286423356025
V,17,7,0.44593975952995973,0.2622153544711176
K,7,0,0.4459860919568577,0.2713662057051921
Q,24,21,0.44602671718107395,0.23226245927945213
Q,18,17,0.4464592827131334,0.2710026188119504
Q,8,3,0.44650761411990625,0.26149012633172747
K,26,7,0.4466691707070732,0.2692828222658805
V,6,7,0.44682421399663547,0.26055812303066866
Q,11,29,0.4468474051569426,0.21965125595498616
K,30,3,0.4469281227117926,0.2706105233403957
Q,3,15,0.44693274964635726,0.28830504013956926
Q,6,13,0.44720701529803875,0.27334997888030627
Q,22,22,0.447348264231057,0.23053861704672113
Q,31,18,0.4475166885217087,0.22608101038863232
Q,26,20,0.447646431260855,0.2762864624839319
Q,27,19,0.4481054182151125,0.2676591772898901
Q,6,22,0.4491569374434028,0.30142130184853994
Q,27,12,0.44928834636841286,0.24319252199803018
Q,7,22,0.44932358861052796,0.2842836305432545
Q,4,5,0.4493773566140627,0.2743251256197848
Q,24,29,0.4494926239621602,0.2643758414694195
K,5,4,0.4501135682539782,0.26556001265618656
K,11,7,0.4502860045916969,0.23893440187961903
Q,27,7,0.45030816919857497,0.24691057422419554
Q,29,9,0.4503374997722123,0.24063946892611957
Q,20,14,0.45050173083048717,0.23262921969890357
Q,29,23,0.4507497556470511,0.22033324127711645
K,27,5,0.4508260185501427,0.2763234057377416
Q,17,11,0.4513475924852203,0.23549211972089767
Q,24,1,0.4517607026358199,0.26137276017095384
V,15,3,0.45181573989558355,0.2564633524596654
Q,23,4,0.451855846034565,0.2505469323309076
Q,6,12,0.451947992195109,0.2477241417207907
Q,20,3,0.45198057617340703,0.24231973198771872
Q,29,4,0.4520268652552483,0.27692700210505156
V,26,7,0.4520396999587305,0.26599347498070813
Q,29,5,0.45207889057159234,0.2619190313553443
K,10,0,0.45217522960874756,0.25857382589395544
Q,26,13,0.45266175404430276,0.20482228807368136
Q,4,27,0.4527887345937575,0.2667679646486475
V,29,3,0.4528995914918732,0.2608769323232398
K,26,6,0.45336509581538054,0.26835772931484586
Q,8,23,0.45357272761183537,0.20696140323488466
Q,27,14,0.4539679249612113,0.19335224069955662
Q,24,13,0.45417695211821146,0.23260840525426352
V,20,2,0.45424949303030165,0.2851970614869205
V,25,6,0.454305206413333,0.2859790200556427
Q,4,10,0.45441364994189826,0.2889229108083938
K,26,0,0.4546447264739944,0.26113680117052124
K,18,4,0.4547846156970051,0.28291604213888116
V,28,4,0.45487965723373824,0.28045669096723275
Q,22,21,0.4551126302776654,0.2762136602602129
Q,21,5,0.4555604061906544,0.25494222434933256
V,23,2,0.4556971887736507,0.25431500394284146
Q,28,3,0.45583862226969185,0.225703999429653
Q,4,6,0.4561056374784753,0.26865632528203953
Q,20,22,0.4565137843015711,0.239099412623088
V,26,5,0.4569577975344236,0.27063896439095436
V,16,1,0.4574737264954324,0.26411684924335727
Q,24,19,0.45758768591842003,0.23626334352350767
K,2,7,0.45771938341886353,0.26293990310775855
Q,20,1,0.4579568785184981,0.2639229824962564
Q,27,9,0.458084082906932,0.21531653829222827
V,12,4,0.45849987066982484,0.3006227829060822
V,3,5,0.45872043118085376,0.29454087193855294
V,23,5,0.4589074155684448,0.2739392011947323
Q,8,1,0.45907483586942593,0.26107053441277644
V,15,7,0.4592331010351052,0.25187473970171576
K,8,5,0.459252127119381,0.2693900428396944
Q,20,11,0.45933564329054005,0.26009484415830786
K,4,6,0.45977533942225446,0.2836169690175855
K,7,1,0.4598680319420906,0.2573786246773014
Q,6,2,0.4600575697201429,0.2486303211972011
Q,20,7,0.4608363858336257,0.2625839979148663
K,5,1,0.4612063962928265,0.26872005710781416
Q,29,12,0.46146057281494085,0.24176002533340105
Q,26,16,0.46152975978341226,0.2774435189764464
Q,21,19,0.461649065796516,0.2616860069017824
K,28,0,0.46169785180573886,0.26136742994775036
Q,27,26,0.4617723630801341,0.27113778441769243
Q,12,19,0.46299420246008544,0.263221897809334
Q,16,23,0.46316164090104495,0.2675578284913291
Q,8,18,0.4632475685169696,0.26573976106857966
Q,27,4,0.4638411804664251,0.2569064372309506
V,22,6,0.4638558415899724,0.2855682412404305
Q,10,13,0.4638933320483272,0.26771419857806605
Q,2,29,0.463898390670533,0.27181676022866963
Q,25,2,0.4644100074004936,0.21956018674947392
V,26,1,0.4645445271218256,0.2761058999320499
Q,2,5,0.46480053557006146,0.2984404006183918
K,18,7,0.46524563603548696,0.2694541243525935
V,30,0,0.4654258088248866,0.30224704054248014
Q,19,6,0.4654643115331229,0.23635372819776246
Q,27,6,0.4656001899008899,0.2336837590126054
K,31,5,0.46579408819239554,0.2667626717370049
Q,10,11,0.46591107114681185,0.2689167834154848
K,22,4,0.4659169965984273,0.26837406584771767
Q,8,22,0.4660442505891532,0.23669610859001652
Q,30,30,0.4664774147607749,0.26867887516782435
Q,17,19,0.46656170029632976,0.25422928212587503
Q,5,18,0.4666426235768309,0.2826007595575896
Q,8,6,0.4667816978459933,0.2879855992542228
V,25,4,0.46705343260068183,0.2717195575980402
Q,28,17,0.46722565272446437,0.25291362728089223
K,23,6,0.467349101634563,0.28256430791315784
Q,31,30,0.4675533221603929,0.2137263249578525
V,22,2,0.46774218536070145,0.27531768655242295
V,20,6,0.46790915530272753,0.2774036550318189
V,21,5,0.4681007910929573,0.27159415618128513
V,28,7,0.4681232380579503,0.2788899694753584
K,22,1,0.46865594335643496,0.268198234321772
Q,22,19,0.47024426697971,0.25704726546622075
K,30,2,0.47024468244785106,0.27311344018778233
V,29,0,0.4706434610564463,0.25285496857857304
Q,20,19,0.4706891259453607,0.301982934743786
Q,28,11,0.4707885104763756,0.2442857647370701
Q,18,5,0.4707972569276172,0.2636299075463845
Q,6,31,0.470877553374656,0.2696164420995667
V,20,7,0.471135336789361,0.28963236585269164
Q,7,21,0.4712725861982895,0.27167105855962065
Q,4,11,0.4713402238768808,0.286720264747969
K,21,1,0.47256250667068805,0.22698009778888179
K,6,5,0.4725970116758298,0.27257131749110103
Q,7,5,0.4726712288097902,0.285412091787296
Q,19,29,0.47282990801869024,0.28081094928054773
Q,29,14,0.4729961985424729,0.238502204935469
V,20,1,0.4738351797558901,0.25979615273540185
Q,24,28,0.4741786701064851,0.27612315936299764
V,28,1,0.47421571849029853,0.23577380242100177
K,0,7,0.4742299026734308,0.2371635317398439
V,16,0,0.4744540709155465,0.27295723934448307
Q,6,6,0.47473846937683356,0.28445646662741036
Q,4,4,0.4747528989208187,0.2757032362467412
Q,28,14,0.4747963235577971,0.2507905615304254
Q,22,20,0.4748338853429425,0.24184648092156277
K,18,1,0.47485260301820287,0.28379627245818534
V,20,5,0.47493683030646017,0.27568423640047585
Q,29,6,0.47509841180839896,0.2712791362013815
Q,27,27,0.4751930637083639,0.27104063351932034
Q,5,17,0.4757228041744865,0.28284394581776595
V,4,7,0.47585471120306794,0.26233964615079236
Q,22,6,0.47603665313947463,0.24762973066467178
Q,3,16,0.4760596114631157,0.2558942675960971
Q,6,28,0.4762589871994771,0.21735822291973741
Q,4,24,0.47641848954000326,0.2966562831804975
Q,23,21,0.4764969880434217,0.25790986385452397
Q,29,3,0.47654070947507554,0.2547826333295895
V,3,7,0.4765410744772,0.2755049038032748
Q,31,5,0.47654882505273966,0.23564274418147826
Q,28,2,0.47677875881713594,0.2794127345062247
K,29,5,0.47682414196669565,0.26644494926233847
Q,29,1,0.47688374077304496,0.2717538283407593
K,27,4,0.4770189161802774,0.28556437849609795
Q,28,25,0.4770960957780725,0.24041014949694328
V,21,3,0.47724012468550275,0.2821572720940048
V,21,1,0.47747359295171016,0.265083558304262
K,17,2,0.4775947408245096,0.2286626229067615
V,24,3,0.4779649425674558,0.23839652130972416
V,24,1,0.47798591850454714,0.2823716816075023
K,18,3,0.4785278040471023,0.2982161920508086
Q,10,12,0.47876897459509954,0.2194537593785247
Q,29,0,0.4793029800311208,0.2658027718529743
Q,30,26,0.4793312743865462,0.26242447142210684
Q,23,3,0.4793723444053697,0.29203678564065155
Q,25,8,0.4796270624610069,0.2846960200029203
K,7,6,0.47995840689664265,0.2851387578715568
Q,19,24,0.480069534554469,0.2651250770123699
K,20,0,0.48014459843153345,0.28370173782495134
V,4,1,0.48024330219723516,0.26627172736522603
K,5,2,0.48037727908781475,0.2607186955708892
Q,26,17,0.4804553422849539,0.28126944284361105
Q,6,9,0.48076510544379664,0.3080827620578146
V,22,4,0.4808723046900772,0.29559274240551214
K,2,5,0.4817939614592467,0.2813155091315067
V,21,4,0.4819445201365495,0.26388244732649074
Q,30,0,0.4826471762306277,0.22711223902767094
Q,27,21,0.48283622072256044,0.27169314972362346
Q,6,19,0.4830091200287433,0.27506708932251317
Q,7,24,0.4830751702230632,0.2950254585863764
Q,19,18,0.48318738022321056,0.2533309690802179
Q,30,29,0.48334377376196813,0.2564272528271591
V,19,6,0.48409123791671715,0.28429944096140003
K,30,4,0.48446898607659156,0.23193024072401178
Q,29,7,0.48448245093688863,0.27411747906249656
Q,25,24,0.4845382656105811,0.2532936935865293
V,23,6,0.48458698238404124,0.27559199321538325
V,25,7,0.4848390047252696,0.2691986724994401
V,15,0,0.4849665936830742,0.278145663570858
K,6,7,0.48507488898378076,0.2575432786281942
Q,6,1,0.48509547933268293,0.2680046978505657
V,21,7,0.4853328300160712,0.29412749197222915
V,5,7,0.48549729929533675,0.2587964478215403
Q,5,15,0.48591319754441986,0.26121688435950363
Q,7,10,0.48596705539247287,0.27552789182656895
Q,5,12,0.4859948040053146,0.25447372037036886
Q,27,0,0.48654853498710887,0.2660872157736589
Q,23,11,0.4870890851026705,0.2970284035463807
Q,31,1,0.4871659905667282,0.23250374433057897
Q,0,18,0.48776524457610737,0.27994540310792704
Q,31,6,0.488011491911572,0.2515191440805753
Q,29,29,0.48821187425040824,0.27210769138773516
Q,26,5,0.488221165488818,0.27328168211126985
Q,26,28,0.4882238301797511,0.25363847228811953
Q,24,10,0.4882260826277974,0.26376398275945
Q,7,30,0.4884128086881432,0.2919535458276038
Q,22,25,0.48856944055781054,0.30004246787746636
Q,6,18,0.4886585492655681,0.30319343789709985
K,3,7,0.48888767698711744,0.27041499119888573
Q,31,27,0.4894430537233814,0.24465222472416912
Q,27,25,0.48944887382995217,0.25690345759887456
Q,9,26,0.4894843459576374,0.24811755185323284
K,2,6,0.4895764165346453,0.2680937285029923
Q,23,15,0.48966700669486307,0.2705154930967866
Q,20,0,0.489826669603056,0.2885865955508824
V,26,6,0.49006660518526945,0.2759047744436794
V,17,4,0.4903672518337411,0.26619210481781747
Q,30,6,0.4905621237085165,0.2499052216588018
Q,24,8,0.4905647568096406,0.27209257560024946
Q,30,11,0.4906922185569467,0.25628069516483987
Q,29,13,0.49096415138664634,0.26077504113862904
K,4,0,0.4909988491570834,0.30076833334457675
V,24,4,0.4910797230665804,0.29429018966175935
V,22,3,0.49114881369434416,0.287736772024907
Q,10,4,0.49138008860816546,0.3214230403147985
K,28,3,0.49156780179902826,0.30101433379288
Q,28,19,0.49189150446381363,0.26668947427348744
V,27,4,0.4920856511407452,0.27990626256769824
Q,31,10,0.49243193381539796,0.25122905473201274
Q,30,16,0.4927733278148716,0.2115740320736881
Q,5,5,0.49362415057535924,0.2877547773850912
Q,6,21,0.49385545488870525,0.26764071255376376
Q,30,25,0.4939067064401281,0.2342218920063232
Q,30,15,0.49492289749008495,0.2488138108379626
Q,16,30,0.4950747987530959,0.2767168246988833
V,27,0,0.4951471014317898,0.28159745898891664
V,30,2,0.49516117935615417,0.26105623406430895
K,30,6,0.4951660635455406,0.26955457227087526
K,8,1,0.49543383573776656,0.271965495248676
V,13,6,0.49576654039456036,0.29412221398545235
K,31,4,0.4957988039278639,0.2780900963440117
Q,21,7,0.4959121077901827,0.2980131609162144
Q,20,5,0.49593718018813127,0.24142822949448578
Q,7,25,0.49613091236651646,0.28504354162347134
Q,28,7,0.49627884305159026,0.2793547654418462
Q,6,11,0.4965868240468719,0.2819892209087704
Q,3,2,0.49664403041078053,0.257381337399219
V,5,3,0.4966465013825871,0.2505740222932484
Q,18,13,0.497090185970383,0.27914105932226024
V,16,5,0.4974602819535917,0.2857274938291583
Q,17,12,0.49746117201938606,0.30622502639720234
V,31,7,0.4975908337797809,0.2683168076357392
K,4,3,0.4976486584560106,0.2667165642312546
Q,26,22,0.4978341842868577,0.2663861935493525
V,19,0,0.49807370898830006,0.2685939445253703
V,21,0,0.4988254290068224,0.25843806758450744
Q,1,4,0.49913201674684604,0.24804988720765958
V,2,4,0.4991642606699065,0.29133613480684534
Q,31,11,0.4992934985690734,0.21653562962349804
V,2,1,0.4994800763318355,0.2570387351799196
V,28,0,0.49969424278281604,0.2713725710373583
V,26,4,0.49976831998069754,0.2990925805171342
V,25,2,0.4997782414960533,0.2618619823520219
V,25,0,0.4997879080859962,0.2737787716877055
Q,19,31,0.500056282418926,0.30884329881287614
K,2,3,0.5003561437822162,0.2501085343157245
Q,5,4,0.5003922176480611,0.28924533106720707
V,23,3,0.5007871929530064,0.2719707680330258
Q,27,17,0.5016121819983128,0.29614073049899925
Q,5,19,0.501712870912348,0.2928177920998302
K,23,7,0.5017917049375222,0.27793084620684516
V,22,0,0.5021202108019689,0.2894739398404412
Q,21,28,0.5022651978233572,0.28290577359725155
Q,31,19,0.5022961645036634,0.221624159656313
Q,5,1,0.5029096534322688,0.2986656189604017
V,3,6,0.5031353576392311,0.29267035991996154
Q,30,4,0.5035371634894518,0.28195775142881696
Q,29,18,0.503541332309904,0.2778107340845987
K,30,5,0.5036329984768703,0.28575123021061893
K,19,4,0.5038391912008667,0.2582883022166291
Q,23,10,0.5038455477304096,0.2847061147130302
V,19,3,0.5044805902291374,0.2922604217773903
V,19,5,0.504616661747143,0.28697368044956745
Q,19,1,0.5047294255952396,0.23196252590620967
Q,24,11,0.5048171280170678,0.26592411316244136
Q,20,13,0.5048471722827035,0.25056897719698895
Q,2,21,0.5057518308712823,0.29514867763746927
V,31,1,0.5059236407014867,0.270407625703043
K,29,2,0.5065887122160972,0.268254293325753
Q,24,7,0.5069539282573213,0.20734145747988283
V,29,1,0.5078526523935789,0.2885629811805516
K,28,4,0.5078963769166055,0.27355597226548184
V,24,7,0.5082010872979004,0.2709461280501478
K,24,3,0.5082861063379881,0.2849568605565066
Q,18,16,0.5086586378856726,0.24196271552980606
K,17,3,0.5086602932973623,0.2765009592341351
Q,4,25,0.508699381005196,0.25505718616733364
V,27,2,0.508962137471371,0.29765191919479866
Q,4,20,0.5089777489573097,0.3247590225881477
V,2,6,0.5090609911851354,0.2800578116470509
Q,31,26,0.5090883381117547,0.24652258254145448
Q,4,19,0.5095707531114307,0.27395945585228076
Q,6,3,0.5096226076577428,0.24142581787299952
Q,5,7,0.5096384406301077,0.3098506077998865
Q,27,2,0.5098088958891982,0.25396159412306163
Q,24,15,0.5104762184680022,0.25390562627157703
Q,17,9,0.5105689408593829,0.2067731892620563
V,27,7,0.5106288750391035,0.23847711296758756
V,31,6,0.5108094310742651,0.2770353340832873
Q,24,2,0.5109045838535506,0.2671856749907681
V,27,5,0.5109425071458928,0.29919381433117953
Q,24,0,0.5109907835018926,0.2981909545607027
Q,3,10,0.5111568743473942,0.27033637669762994
Q,29,17,0.5115141671374496,0.23080110838914497
K,8,4,0.5116602832943786,0.2988463896047708
K,26,5,0.5124577439297008,0.2901561480794589
V,0,2,0.5125723315175408,0.27468683166887137
K,4,4,0.5125998125836522,0.2961634538520541
Q,8,17,0.5127042740649678,0.30300672225532127
Q,4,13,0.5128624793399521,0.27839540350296405
Q,26,7,0.5134846948131548,0.25705957987823963
V,5,5,0.5135533004409137,0.2918672378468089
Q,30,9,0.5137510323508476,0.2768793393668227
Q,5,6,0.5137513098548793,0.31911503082006554
V,2,7,0.5138352375400747,0.2812890074682406
V,29,7,0.5140210675256481,0.27236349484610933
Q,18,4,0.5140437317085725,0.3112081078248657
Q,5,31,0.5140490979560769,0.25368237403875626
Q,5,29,0.5142284983508343,0.23466235221163748
V,30,7,0.5144328700596408,0.31858448763811326
V,30,1,0.514467056315445,0.26962902263767435
V,15,4,0.514473498742294,0.22139044592441454
K,24,0,0.5145042067304392,0.2785203084818509
V,20,0,0.5145368661856488,0.29451240919498484
Q,27,1,0.514748850418266,0.25862909292678765
Q,28,12,0.5147709091296594,0.2711080530210383
K,29,7,0.5154491232131779,0.2713949724875533
V,24,2,0.5157030804472491,0.2745343504420421
Q,20,12,0.5158676206670083,0.2970831296838839
Q,30,28,0.5159152361828852,0.26607506546146514
K,5,6,0.5160230940914244,0.30002155094222216
Q,3,30,0.5160561523820525,0.26563533659301447
Q,29,15,0.5161534746120697,0.26834758468764563
Q,0,29,0.5161654799903633,0.2611753411431504
Q,29,21,0.5164979591280442,0.2723640069451112
V,31,4,0.5167023434340878,0.29822759413482236
Q,26,4,0.5167965394890128,0.23105375744595846
Q,3,14,0.5173322846950934,0.2819905909898473
Q,31,2,0.5173838481575737,0.272561470515397
K,24,7,0.5174298973497304,0.2806004309941242
Q,30,21,0.517634032367658,0.26790067934676515
Q,28,16,0.5179611961792346,0.25428810340455665
V,30,6,0.5183072180852824,0.27327092749247667
Q,20,18,0.5184493547217666,0.3199192469035077
Q,29,19,0.5185427046279513,0.28520120086963563
V,22,7,0.5186011192413441,0.30255220807193206
K,2,1,0.5187322422349,0.28393936887255483
Q,5,10,0.5189076702677308,0.3054592298672665
V,25,1,0.5189490736626967,0.29073229011025553
Q,19,16,0.5190097196992162,0.24788196384052946
Q,19,17,0.519018046624551,0.2601381483024371
Q,21,4,0.5193950147696037,0.2801716795654452
K,16,7,0.5197613925742267,0.28499574931333194
Q,31,25,0.5203095622816482,0.23244930460705784
Q,24,6,0.5204161429274994,0.3144777778411991
Q,4,18,0.5205256523988109,0.2773958604078744
K,26,4,0.520968343798088,0.279227085515733
K,29,0,0.5210871060094597,0.2669672062564667
Q,3,4,0.5212118402548097,0.3225757283576479
K,5,3,0.5212762988008559,0.2721841576764953
K,7,7,0.5214015665440739,0.28570828554550437
V,28,5,0.5215631379155121,0.2803106725105598
V,31,2,0.5216251760224488,0.253031984098008
K,28,7,0.5217962841909977,0.2738060970477269
Q,2,10,0.5218400687633546,0.27686209961278796
Q,4,31,0.5226840216540741,0.2746522759127877
V,29,5,0.5226961516660803,0.2903448782296553
Q,1,25,0.522816001286388,0.30295075481168937
K,3,2,0.5228552846484655,0.2995797665261998
V,17,2,0.523227529791893,0.2918411744320407
V,4,2,0.523446741831986,0.2926838921110324
Q,6,23,0.5239540987645535,0.29210395453882315
Q,18,1,0.5241847702457381,0.2704648291890043
K,21,5,0.5244755768971372,0.2807582615180994
K,6,4,0.5247118728773535,0.28449640478861893
Q,20,16,0.5248323769966359,0.23538965147923696
Q,25,9,0.5251529184688524,0.28292113286542986
Q,7,2,0.5251751347871745,0.2726910226036676
K,19,7,0.5256580982306736,0.2718289948915012
Q,29,2,0.525857030381643,0.29838016308744636
Q,19,26,0.5259437466616844,0.2629186017118174
V,0,6,0.5263070136235474,0.29435786368678496
Q,2,0,0.526614837108418,0.23856342003066017
K,29,1,0.526657340118164,0.2741217370172386
Q,27,13,0.5267956395552007,0.2505168695450351
K,23,2,0.5272673706163096,0.29790987365077687
V,25,5,0.5274326498637539,0.27243159928541405
Q,7,0,0.5277478285541397,0.29891934069627885
K,28,2,0.5278512919046745,0.2762678847616895
Q,3,0,0.5283599941785729,0.28559203165352304
Q,31,9,0.5286757863141756,0.24170120688202112
Q,21,17,0.5287924951266155,0.26432324654408584
V,31,0,0.5290876747931451,0.27501019233018514
Q,5,2,0.5294928346541046,0.24789370109180398
Q,25,20,0.5297057819743961,0.272726269844974
Q,2,27,0.5299380922590733,0.3101175230748483
V,28,2,0.5302027128825854,0.2814865376337956
Q,6,10,0.5306232885290021,0.2700532002640376
Q,31,3,0.5308923653696187,0.2459858560019535
V,31,5,0.5314122031397541,0.2813888353683774
Q,26,8,0.531566239325956,0.27617851422421374
V,1,6,0.5320340499143743,0.32668225513712423
V,1,3,0.5325455607178494,0.31367774085626754
V,23,1,0.5325861695443392,0.2890806061985353
Q,26,10,0.5328829905381338,0.24683131399882777
Q,4,16,0.5330580113622277,0.3216918374635892
V,0,4,0.5331597517838363,0.2741892132421897
V,24,5,0.5333982753073938,0.29914618356520517
Q,28,4,0.5335411025565819,0.24855064588405354
Q,4,0,0.5335984269105356,0.2830138687152995
Q,31,15,0.5337716797988517,0.2641092730479759
Q,4,23,0.5346799543988208,0.2761087941852428
Q,21,23,0.5348730194469639,0.25628980838377685
V,2,0,0.5352095786360043,0.29714982691949016
Q,20,17,0.5352220229896276,0.26430450335933825
Q,2,30,0.535500319728037,0.2683839002594847
Q,31,13,0.5357643134029992,0.260603930376491
V,3,2,0.5357803282971438,0.2885943593167151
Q,5,8,0.5366545762343142,0.3201355450114484
K,3,6,0.536695491466336,0.31368684415135883
V,0,1,0.5368996013864911,0.29859018592655856
V,3,1,0.5371361018660911,0.32154358561642465
Q,6,8,0.5371392573943778,0.2708344706817257
V,23,7,0.5374746684066642,0.287957979623214
Q,2,15,0.5381623204119831,0.2936726368981152
V,27,1,0.5382046403170612,0.307779587620813
V,4,3,0.5387031143171971,0.29038130889290437
Q,2,14,0.5390218132710298,0.28477953142528517
Q,30,7,0.5392513043651014,0.25426554835439563
Q,3,13,0.5392780655338417,0.2758585120811363
K,6,0,0.5393520590235941,0.272886466276032
Q,25,10,0.5394586205405634,0.27240801740489134
Q,5,0,0.540142629680969,0.27821539085088515
Q,2,23,0.5405050557931121,0.31011408828397985
K,19,6,0.5410009224688397,0.2963909315073413
V,1,7,0.5410306344716717,0.2886224724987405
Q,2,18,0.5413499595250673,0.2755815537108446
Q,18,19,0.5414166133183508,0.30904617640747
Q,25,23,0.5415456108675466,0.2739507570666596
Q,2,13,0.5417467187635058,0.2915316406587813
Q,31,22,0.5417551702992395,0.27992902891886057
K,2,2,0.5420546122755717,0.2975487425699883
Q,28,15,0.5426869767894528,0.2644351085441772
V,30,3,0.5428843743059815,0.2940509455066476
Q,5,9,0.5429737944545177,0.3179141906684731
Q,27,29,0.5433630511916673,0.28668217040029115
K,4,5,0.5435332561470698,0.2810165673095225
Q,1,6,0.5436864975607839,0.26382377301211357
Q,31,8,0.5437420543940309,0.247624359538942
V,29,4,0.5437423239160126,0.26307251431121087
K,27,2,0.54400839451611,0.27972232988045054
Q,28,6,0.5442481816789732,0.26207155762777307
V,25,3,0.544443289837613,0.3050855872541007
V,26,3,0.5446905835769151,0.2902660556014139
Q,5,28,0.5453477782948862,0.2567924583396267
V,30,5,0.5454029766770934,0.2721850824581111
Q,27,30,0.5455158630597917,0.24106284560943742
Q,3,18,0.5456250145655079,0.28325969316002697
Q,25,30,0.5461243819331149,0.2903493095590038
Q,22,18,0.5465498663614191,0.2894557282393637
Q,27,31,0.5470711497204211,0.23357115178970334
V,20,4,0.5475575747925998,0.29791584917941133
K,25,6,0.5478071069770816,0.27590849866878986
Q,22,26,0.5482200622349942,0.3005002148045099
V,1,5,0.5491290543985674,0.2872412398226819
Q,30,10,0.5496273926700855,0.24820792568970362
Q,1,8,0.5500169626469452,0.23771090540698267
Q,9,11,0.5510558415890445,0.2928355856426138
K,3,0,0.5512964516406197,0.30237666292737975
V,18,7,0.5515207862958174,0.3155422014211632
Q,5,13,0.5515419446633725,0.27966767895646333
Q,2,25,0.5518454223137234,0.31462077913706665
Q,25,22,0.5522374439334878,0.27428712638178854
Q,3,12,0.5537332316534895,0.30252868481889933
Q,30,5,0.5537841399052726,0.27126804553259026
K,22,5,0.5543570691980552,0.2967347078790987
Q,3,6,0.5544794697651813,0.3272274652686394
Q,2,19,0.5551275417561374,0.29945216589499185
K,27,7,0.5552650953190682,0.2823073732489213
K,2,0,0.5553370610241115,0.279686249996737
Q,30,8,0.5558070244693603,0.24581947719204505
V,2,2,0.555866897560549,0.3133714232045483
Q,2,7,0.5560979440624686,0.2720448841653148
Q,29,10,0.556318826399828,0.26211703042698264
Q,0,24,0.5567237213778317,0.25842463019460976
Q,25,19,0.5571060332259741,0.27410935183023916
K,3,3,0.5572852477680034,0.2726971187641628
Q,4,2,0.5573048884312671,0.28345977323739807
Q,24,9,0.5573211195232847,0.293512497955377
Q,6,17,0.5582215262113097,0.3046331404529483
Q,23,1,0.5582555232803084,0.3150188168550875
Q,2,26,0.5596223444908361,0.3219688783766743
V,18,4,0.5600238058247722,0.31964081779336556
Q,2,12,0.5600637441440972,0.3225382251348479
V,0,3,0.5604469884540689,0.3019220173348191
Q,15,28,0.5605622026654358,0.2552650955218526
Q,2,22,0.5606992368875059,0.3113425342804465
Q,3,29,0.5607085405380166,0.2855949950202668
K,20,1,0.5608424616361883,0.26669723747186574
Q,1,31,0.5611642331194094,0.2813058926040966
V,28,3,0.5611863203322576,0.29664461228413075
Q,5,3,0.5615452022277535,0.28510231378179224
K,3,1,0.5616120262527378,0.3189244810557119
V,1,0,0.5627605668911293,0.3023948653860969
Q,27,15,0.5635767118913135,0.2666107657677843
Q,5,20,0.5638864126912404,0.28579629390004146
Q,0,1,0.5645724888195323,0.3057089170588324
Q,2,16,0.5646021112863341,0.27366521495564616
Q,2,20,0.5646852045440308,0.3151116557695771
V,3,4,0.5649742136023672,0.27025860440742394
Q,4,17,0.5652938694414383,0.23994291224972905
K,3,4,0.5653456876484644,0.2950699257243232
V,24,6,0.5655933592435748,0.3100714023367905
Q,21,6,0.5659580720115353,0.29835101976115436
Q,6,24,0.5660438805009745,0.2608576394377359
K,31,2,0.5662242808442154,0.2542692624870731
Q,3,23,0.5662677632588624,0.29567130924242724
Q,24,4,0.5663382100228838,0.3030988316233249
V,26,2,0.5668242654643375,0.2440982526809556
Q,30,20,0.5670056052347134,0.27142266256303144
K,26,1,0.567077808174312,0.29579781280966155
Q,18,3,0.5672951454350526,0.2850634300335628
Q,1,1,0.5674164899271967,0.2808088627699146
Q,4,30,0.567508248628414,0.27185991111685087
Q,8,5,0.5676611158609285,0.2534441968910186
V,26,0,0.5680924394150209,0.26344377464327223
Q,1,30,0.5687551284238228,0.30309181246060096
V,1,1,0.5688526136321536,0.3098532302420936
K,2,4,0.5696900198057461,0.28572863460309517
V,1,4,0.5697738992402742,0.2946553324622466
Q,23,2,0.5697853277900364,0.2830240703269315
Q,1,3,0.5699348481100779,0.26610991624777414
Q,30,13,0.5699403157347533,0.2773571096601702
Q,30,31,0.5702915526719909,0.27477947090541294
Q,21,16,0.5703280450183134,0.2960590420413853
Q,2,28,0.5707298874559992,0.27718942279436165
Q,24,14,0.5707403171222982,0.2596863378854392
K,4,2,0.5709694102703541,0.2894330234831395
Q,3,7,0.5715176864871422,0.30174660671039977
Q,8,4,0.5715933727164427,0.2876475529760778
Q,0,26,0.5717415642533799,0.2505259301120116
Q,3,28,0.5717925342308557,0.2628136139476602
Q,1,19,0.5720795390922712,0.25393063520046544
Q,5,11,0.572665799169399,0.31658865399852676
Q,2,6,0.5728178750809254,0.2954143561587743
Q,28,5,0.5730619042523983,0.26998215999953606
K,1,1,0.5741529728717931,0.2794338447723383
Q,2,31,0.5756724397160862,0.23795894144040866
V,0,7,0.5762934798397428,0.2881555128653651
V,27,6,0.5764659583015337,0.2401387411159671
Q,31,4,0.5764819404372699,0.22871837321102254
Q,0,6,0.5765418908202068,0.2990332949753461
K,29,4,0.5767888817612037,0.2576448880289634
Q,4,28,0.5771199645805578,0.28155364445787695
Q,6,16,0.5778125188490701,0.2745256127910803
K,31,1,0.5787408677492306,0.2576197071105704
Q,25,31,0.5805713622491687,0.266453237441581
K,28,1,0.5807528807686937,0.2700935680770358
K,30,1,0.5807839504800173,0.26233658870540244
K,25,5,0.581208827174416,0.2958097811212776
Q,21,18,0.5812933967950007,0.30004443842117495
Q,31,24,0.5816387252990648,0.252181159652788
K,6,6,0.5837835149857477,0.2572413032181036
Q,3,8,0.5838835653035273,0.2796896346798262
K,25,0,0.5844032804643594,0.292267000939642
Q,2,24,0.5859263644687346,0.3004459541528286
Q,3,27,0.5863300690544829,0.2898987844230251
Q,4,26,0.5866253202892511,0.2826575014325131
K,3,5,0.5866348510695498,0.31031616371522147
K,27,6,0.5867480473870874,0.2870804151349828
Q,3,11,0.58680784691887,0.2837054613778321
K,0,5,0.5885049693222374,0.2693986105424474
Q,3,26,0.5886048002319771,0.28525599696028575
K,1,0,0.588612803019228,0.2785728519397237
K,27,0,0.588630400469246,0.29197291758892224
K,1,7,0.5886433935623077,0.29484453021139706
V,30,4,0.5887735293100805,0.23795893876633362
Q,0,14,0.5889490941781681,0.2619001956054604
Q,4,12,0.5900303592909699,0.2618966245134132
V,0,5,0.5901361285336493,0.28063505838490754
Q,29,26,0.5905224592039311,0.3158106450362206
Q,3,9,0.5908018865527017,0.27848992787034677
V,3,3,0.5915545618716432,0.33230290516166217
Q,3,21,0.591816775024675,0.29092422927553496
Q,3,5,0.5923700175661072,0.30383914522887345
K,21,4,0.5923758966340756,0.2796484696376029
Q,5,22,0.5925532937182908,0.26676939306008834
Q,1,23,0.5926107169541824,0.3215458179625663
K,25,2,0.5943040137174709,0.278307740414523
K,5,5,0.5947204044994484,0.2534388139498126
Q,29,25,0.5953125104658886,0.27106424001587315
Q,24,5,0.5965828414990764,0.28992266475416917
Q,3,22,0.5968912272428268,0.2748561398747633
Q,3,19,0.5978151694859143,0.28817834145187454
Q,6,27,0.5984985973999223,0.26167225174051184
Q,31,12,0.5993004149120486,0.27194526247030415
Q,2,3,0.6000637251652896,0.24311450417019279
K,1,4,0.6004281397004215,0.2833042979486409
K,27,3,0.601964224277567,0.2771495732997611
Q,1,5,0.6028991509751614,0.26798528079356226
Q,7,1,0.6034996615674064,0.26437782250796554
Q,2,11,0.6035944304034538,0.26715917836979164
Q,25,21,0.604346955429616,0.2862387376634074
K,31,3,0.604985803402338,0.2667291428552762
Q,5,14,0.6062202769233207,0.2542510097592263
Q,2,1,0.6065505474671656,0.25820458434358395
K,29,3,0.6069318123769539,0.2646288021929048
Q,25,29,0.6069435633414567,0.26367850432761125
Q,14,26,0.6071346473360695,0.2660261281496533
Q,0,21,0.6083549389072068,0.25373700628592816
Q,1,18,0.60839462057173,0.288056550240239
Q,29,27,0.6098838011255661,0.29922339706592815
Q,6,26,0.6101252663221098,0.23634145814994628
V,18,1,0.6101986577829829,0.2934601397673331
V,0,0,0.6103880518249044,0.28928230064017085
Q,29,24,0.610517616729653,0.3119610168953661
Q,0,12,0.6107586346078313,0.27645851265774424
K,24,1,0.6107935237080588,0.3169752329279083
Q,25,28,0.611385778237083,0.26255885298911324
V,22,5,0.6114956572678805,0.28003691493085825
Q,1,9,0.6136757244484256,0.26781476102016566
K,26,2,0.6138978668685481,0.26820207333440527
K,1,5,0.6151062385944313,0.3165757119786986
K,25,7,0.6153711020584942,0.2657280736946805
Q,31,23,0.6156933175526317,0.250806965626229
Q,0,4,0.6158896385259937,0.24020884748672325
Q,3,25,0.6180768923290533,0.25751781486734515
V,1,2,0.6183252260386073,0.27434234089274523
K,20,4,0.6192303099831455,0.29631324801341635
K,31,6,0.6201649666140707,0.2570080627902138
Q,3,1,0.6215652197014919,0.26694923848661356
Q,2,2,0.6224247842023919,0.2815538065252847
Q,2,8,0.6228478554502737,0.3026295066936817
Q,30,22,0.6231481366955467,0.2579749506079198
K,4,7,0.6234153210850303,0.25737538337678484
Q,4,14,0.6254456237810134,0.2629405427535546
Q,3,3,0.6278522688717242,0.27378792591414375
Q,9,5,0.6294845774330344,0.2658687268027651
Q,28,26,0.6296651602816493,0.2810181880883107
K,29,6,0.6303636976189596,0.2448977821642761
V,31,3,0.6312395568733126,0.23416240690699264
K,23,0,0.6331087978191224,0.29521666737882546
Q,3,20,0.633935773844884,0.2761516438822841
Q,4,29,0.6349802603413626,0.27151716446158314
Q,1,27,0.6361153931742519,0.299749486112455
Q,5,21,0.6376978788150303,0.2600435246500869
Q,4,21,0.6401020076123468,0.2625636336362356
Q,0,5,0.6404775284656712,0.24124211902638235
Q,0,13,0.6409683948268806,0.26111909399468186
Q,4,3,0.6410162484268209,0.2598014514109276
K,0,6,0.641660716138657,0.28384518057924546
Q,1,16,0.6431676999023549,0.2878083077376378
K,1,6,0.6434850855532739,0.3103359800462648
K,0,0,0.6483046582039673,0.27980981060033566
Q,3,17,0.6493921378388987,0.28953802220805996
Q,2,9,0.6534113816778457,0.2805836060314492
Q,0,27,0.6544467551230102,0.2489318755804186
Q,1,7,0.6549517937197417,0.2319881581981264
Q,6,29,0.6560519269122288,0.2947859847121284
Q,1,28,0.6560735036570715,0.27483233616325875
K,0,2,0.6561911451186677,0.26329526005517867
Q,0,17,0.6568663892529276,0.2657475672415598
Q,2,17,0.6582238708704949,0.2534192845372415
V,29,6,0.6582289539195693,0.2700574123590436
Q,0,30,0.6583180660554862,0.26984269348336987
K,24,2,0.6600073722315664,0.26488170771615305
Q,0,28,0.6603931689542567,0.26515602529729004
Q,0,16,0.6606949434484175,0.2762438536441316
Q,10,5,0.6628048278454163,0.2532299445037456
Q,0,7,0.6632251719074479,0.2425754068476545
Q,31,14,0.6645285306477142,0.22302648750071039
Q,1,15,0.6662627622831219,0.27099545047362356
K,31,0,0.6670564372159896,0.2578435027808637
K,1,2,0.6671297859260612,0.24824374856041825
Q,0,25,0.6717845869113731,0.2663239714140451
Q,1,17,0.6728260988111252,0.2677020074642236
Q,0,9,0.6730648594973505,0.24517201566066366
Q,0,11,0.6737736539305721,0.2610405366109936
Q,1,26,0.6754580046618347,0.27871209627685245
Q,1,29,0.6756489450835422,0.2623235615920055
Q,5,23,0.6767749453300897,0.2539987196598109
Q,1,22,0.6776799560129351,0.2672008659635149
Q,1,10,0.6782650969172944,0.2662063024628705
Q,0,3,0.6802660485621869,0.24011630823461558
Q,1,2,0.682529857858439,0.2489105335049545
Q,1,0,0.6844093543919345,0.2394311371303523
K,0,3,0.6980211569694394,0.20681584382426635
K,0,1,0.7011556107346525,0.2191085175376756
Q,1,12,0.701958899653724,0.27380154843088716
Q,1,24,0.7022967017180154,0.2771262056725165
Q,0,20,0.7044707149671039,0.26674934802412237
Q,1,11,0.7052734998026533,0.25155223326191195
Q,0,22,0.706672057433445,0.26624764621509034
Q,1,14,0.7088470872086489,0.24752621886939583
K,1,3,0.714708778337973,0.24892743421216754
Q,0,19,0.717719954726012,0.257464882789289
Q,1,21,0.7179435363843378,0.24323224662375856
Q,0,8,0.7225979283095793,0.24483081881275523
Q,1,13,0.7271585479992064,0.24287059888996776
Q,0,2,0.7274257789973243,0.24370951456247747
Q,1,20,0.7315956460325035,0.23839824700475204
Q,0,23,0.7396197944082593,0.231863195093347
Q,0,10,0.7404906307043014,0.23375306706313106
K,0,4,0.7432705900318567,0.22085539262611031
Q,0,0,0.7507411404789698,0.23636831178717574
Q,0,15,0.7613528190135807,0.22732479472207753
