task_index,total_latency_ms,scheduling_latency_ms,execution_latency_ms
0,1169759.27,0.00,0.00
1,1042693.14,0.00,0.00
2,905178.31,0.00,0.00
3,1209454.54,0.00,0.00
4,826293.95,0.00,0.00
5,1269617.08,0.00,0.00
6,806248.19,0.00,0.00
7,1330501.32,0.00,0.00
8,1532183.65,0.00,0.00
9,1333811.28,0.00,0.00
10,785076.86,0.00,0.00
11,1541347.27,0.00,0.00
12,1323521.61,0.00,0.00
13,737863.54,0.00,0.00
14,1675180.67,0.00,0.00
15,710315.23,0.00,0.00
16,1605905.29,0.00,0.00
17,1924720.53,0.00,0.00
18,1649491.79,0.00,0.00
19,1917986.15,0.00,0.00
20,1010701.89,0.00,0.00
21,898535.73,0.00,0.00
22,1946202.75,0.00,0.00
23,2479592.08,0.00,0.00
24,2268194.68,0.00,0.00
25,1989222.29,0.00,0.00
26,903837.92,0.00,0.00
27,1998306.04,0.00,0.00
28,2244371.89,0.00,0.00
29,2577529.43,0.00,0.00
30,2040295.12,0.00,0.00
31,870913.27,0.00,0.00
32,2610630.99,0.00,0.00
33,2072209.60,0.00,0.00
34,819107.29,0.00,0.00
35,2417195.32,0.00,0.00
36,2116836.07,0.00,0.00
37,2379839.90,0.00,0.00
38,2411705.97,0.00,0.00
39,1060867.79,0.00,0.00
40,2350823.16,0.00,0.00
41,952491.76,0.00,0.00
42,2779946.09,0.00,0.00
43,897693.16,0.00,0.00
44,2720733.88,0.00,0.00
45,864202.50,0.00,0.00
46,2701559.31,0.00,0.00
47,2662154.91,0.00,0.00
48,813598.63,0.00,0.00
49,2547913.79,0.00,0.00
50,2703699.83,0.00,0.00
51,2519020.08,0.00,0.00
52,2489402.77,0.00,0.00
53,1174062.49,0.00,0.00
54,3001190.42,0.00,0.00
55,1065881.73,0.00,0.00
56,2652227.40,0.00,0.00
57,1028696.78,0.00,0.00
58,3303941.73,0.00,0.00
59,3181383.37,0.00,0.00
60,2932593.82,0.00,0.00
61,3135676.62,0.00,0.00
62,2822782.52,0.00,0.00
63,1428591.49,0.00,0.00
64,3107010.36,0.00,0.00
65,2792908.67,0.00,0.00
66,1366451.74,0.00,0.00
67,2742038.25,0.00,0.00
68,5993704.08,0.00,0.00
69,2603780.27,0.00,0.00
70,6034253.84,0.00,0.00
71,3405083.42,0.00,0.00
72,1706978.80,0.00,0.00
73,1590634.82,0.00,0.00
74,6474273.68,0.00,0.00
75,1523247.00,0.00,0.00
76,1376828.19,0.00,0.00
77,6450959.21,0.00,0.00
78,3677752.49,0.00,0.00
79,6366183.76,0.00,0.00
80,3540061.95,0.00,0.00
81,1341786.15,0.00,0.00
82,6325136.90,0.00,0.00
83,3428501.37,0.00,0.00
84,3392771.96,0.00,0.00
85,3727210.52,0.00,0.00
86,6944829.46,0.00,0.00
87,1715834.14,0.00,0.00
88,3631208.66,0.00,0.00
89,6799910.31,0.00,0.00
90,6917255.88,0.00,0.00
91,1634530.78,0.00,0.00
92,6766070.60,0.00,0.00
93,3594449.52,0.00,0.00
94,7323856.12,0.00,0.00
95,3740429.64,0.00,0.00
96,1562294.72,0.00,0.00
97,3538925.65,0.00,0.00
98,6783032.18,0.00,0.00
99,7359777.45,0.00,0.00
100,1525195.12,0.00,0.00
101,7134078.98,0.00,0.00
102,6755772.11,0.00,0.00
103,7257169.25,0.00,0.00
104,1493794.20,0.00,0.00
105,7874642.37,0.00,0.00
106,7098399.40,0.00,0.00
107,6653561.35,0.00,0.00
108,3967782.97,0.00,0.00
109,3862047.20,0.00,0.00
110,7939894.20,0.00,0.00
111,3864318.37,0.00,0.00
112,3831362.01,0.00,0.00
113,7897471.19,0.00,0.00
114,1727339.74,0.00,0.00
115,7355389.83,0.00,0.00
116,6904570.58,0.00,0.00
117,3782311.92,0.00,0.00
118,1630699.87,0.00,0.00
119,1530102.73,0.00,0.00
120,6917882.20,0.00,0.00
121,4157021.28,0.00,0.00
122,8004271.98,0.00,0.00
123,1490196.47,0.00,0.00
124,4034196.85,0.00,0.00
125,6868364.81,0.00,0.00
126,7936203.96,0.00,0.00
127,1440891.50,0.00,0.00
128,4109619.14,0.00,0.00
129,4025859.83,0.00,0.00
130,7920619.25,0.00,0.00
131,3958529.23,0.00,0.00
132,7811800.48,0.00,0.00
133,7121890.54,0.00,0.00
134,7757771.02,0.00,0.00
135,4344574.21,0.00,0.00
136,1782635.69,0.00,0.00
137,7120649.34,0.00,0.00
138,7626125.10,0.00,0.00
139,4232713.94,0.00,0.00
140,4162254.57,0.00,0.00
141,1793655.16,0.00,0.00
142,4209513.19,0.00,0.00
143,9330802.44,0.00,0.00
144,1681098.22,0.00,0.00
145,9308235.17,0.00,0.00
146,4159688.71,0.00,0.00
147,7344747.54,0.00,0.00
148,1628591.06,0.00,0.00
149,7880089.04,0.00,0.00
150,7205523.01,0.00,0.00
151,4434686.42,0.00,0.00
152,9332997.32,0.00,0.00
153,1542751.31,0.00,0.00
154,7085322.38,0.00,0.00
155,4349082.47,0.00,0.00
156,4213615.66,0.00,0.00
157,7011386.87,0.00,0.00
158,4385896.21,0.00,0.00
159,6953595.40,0.00,0.00
160,4185482.74,0.00,0.00
161,1790434.36,0.00,0.00
162,1715492.01,0.00,0.00
163,4636425.02,0.00,0.00
164,1598851.92,0.00,0.00
165,1499654.29,0.00,0.00
166,8672760.49,0.00,0.00
167,4633133.65,0.00,0.00
168,4568924.90,0.00,0.00
169,1406966.45,0.00,0.00
170,7346984.62,0.00,0.00
171,8571101.19,0.00,0.00
172,7243140.22,0.00,0.00
173,4638641.60,0.00,0.00
174,7222204.21,0.00,0.00
175,4607846.02,0.00,0.00
176,4813319.92,0.00,0.00
177,7184167.15,0.00,0.00
178,4727058.17,0.00,0.00
179,1787798.88,0.00,0.00
180,7076054.33,0.00,0.00
181,4607561.35,0.00,0.00
182,1692230.46,0.00,0.00
183,4780813.93,0.00,0.00
184,4575109.48,0.00,0.00
185,1602663.04,0.00,0.00
186,1544616.94,0.00,0.00
187,7424863.34,0.00,0.00
188,5052951.10,0.00,0.00
189,1451930.05,0.00,0.00
190,7320097.45,0.00,0.00
191,4855898.86,0.00,0.00
192,5025777.58,0.00,0.00
193,7279933.45,0.00,0.00
194,4985349.42,0.00,0.00
195,7166572.81,0.00,0.00
196,4945593.83,0.00,0.00
197,7120278.60,0.00,0.00
198,1734675.17,0.00,0.00
199,5135685.21,0.00,0.00
200,1595865.73,0.00,0.00
201,12586250.78,0.00,0.00
202,5128278.73,0.00,0.00
203,1563045.98,0.00,0.00
204,4990408.66,0.00,0.00
205,12649347.78,0.00,0.00
206,5151172.16,0.00,0.00
207,1568945.17,0.00,0.00
208,7460946.08,0.00,0.00
209,4967065.10,0.00,0.00
210,1465596.91,0.00,0.00
211,7353283.41,0.00,0.00
212,12552682.88,0.00,0.00
213,7308319.09,0.00,0.00
214,12460930.59,0.00,0.00
215,5431587.70,0.00,0.00
216,5155927.42,0.00,0.00
217,7225106.95,0.00,0.00
218,12973053.93,0.00,0.00
219,5323236.94,0.00,0.00
220,7127053.74,0.00,0.00
221,12945630.79,0.00,0.00
222,1796714.07,0.00,0.00
223,5280514.00,0.00,0.00
224,1698563.10,0.00,0.00
225,12686799.29,0.00,0.00
226,5253961.56,0.00,0.00
227,1623315.33,0.00,0.00
228,5450108.53,0.00,0.00
229,1513625.38,0.00,0.00
230,5346069.34,0.00,0.00
231,7464610.34,0.00,0.00
232,1501432.18,0.00,0.00
233,7368471.38,0.00,0.00
234,5296283.01,0.00,0.00
235,5552087.07,0.00,0.00
236,7325738.67,0.00,0.00
237,5277555.70,0.00,0.00
238,13146867.51,0.00,0.00
239,13008065.70,0.00,0.00
240,7296450.61,0.00,0.00
241,1726613.28,0.00,0.00
242,7250785.11,0.00,0.00
243,14458330.39,0.00,0.00
244,5838521.48,0.00,0.00
245,1782277.35,0.00,0.00
246,5588606.83,0.00,0.00
247,14441483.97,0.00,0.00
248,5792676.69,0.00,0.00
249,1754165.17,0.00,0.00
250,5695320.84,0.00,0.00
251,14409125.80,0.00,0.00
252,1657092.57,0.00,0.00
253,7593538.28,0.00,0.00
254,5642755.75,0.00,0.00
255,1622341.39,0.00,0.00
256,5869668.01,0.00,0.00
257,7498034.48,0.00,0.00
258,13207448.24,0.00,0.00
259,7396760.94,0.00,0.00
260,13063427.21,0.00,0.00
261,5819324.02,0.00,0.00
262,14779072.05,0.00,0.00
263,5775383.95,0.00,0.00
264,14673093.56,0.00,0.00
265,7396721.84,0.00,0.00
266,5732402.80,0.00,0.00
267,1851682.90,0.00,0.00
268,14605089.43,0.00,0.00
269,7350550.41,0.00,0.00
270,5678689.72,0.00,0.00
271,1877093.08,0.00,0.00
272,13327668.67,0.00,0.00
273,13214959.62,0.00,0.00
274,5582397.22,0.00,0.00
275,6016392.71,0.00,0.00
276,1826912.40,0.00,0.00
277,13109645.37,0.00,0.00
278,5871569.40,0.00,0.00
279,1795148.61,0.00,0.00
280,13043682.81,0.00,0.00
281,7679003.48,0.00,0.00
282,1669118.88,0.00,0.00
283,5804653.88,0.00,0.00
284,12941554.55,0.00,0.00
285,5835680.96,0.00,0.00
286,5746715.07,0.00,0.00
287,7699564.93,0.00,0.00
288,5736215.35,0.00,0.00
289,7588348.15,0.00,0.00
290,5689925.67,0.00,0.00
291,7490420.10,0.00,0.00
292,1918199.54,0.00,0.00
293,13183388.71,0.00,0.00
294,7345139.98,0.00,0.00
295,5948156.36,0.00,0.00
296,1840427.16,0.00,0.00
297,13064195.63,0.00,0.00
298,5707548.62,0.00,0.00
299,1724403.38,0.00,0.00
300,12957137.11,0.00,0.00
301,1629971.50,0.00,0.00
302,1511203.53,0.00,0.00
303,5875905.51,0.00,0.00
304,6224681.62,0.00,0.00
305,7666083.81,0.00,0.00
306,6127896.07,0.00,0.00
307,7504281.52,0.00,0.00
308,7352910.28,0.00,0.00
309,6082624.67,0.00,0.00
310,7200078.96,0.00,0.00
311,1882087.71,0.00,0.00
312,6158522.61,0.00,0.00
313,6071638.35,0.00,0.00
314,13580308.68,0.00,0.00
315,7169553.28,0.00,0.00
316,1778976.44,0.00,0.00
317,6067179.44,0.00,0.00
318,13476240.87,0.00,0.00
319,1676208.73,0.00,0.00
320,6034597.87,0.00,0.00
321,1641929.15,0.00,0.00
322,6259314.30,0.00,0.00
323,6026693.34,0.00,0.00
324,7436565.88,0.00,0.00
325,1614974.26,0.00,0.00
326,13733873.37,0.00,0.00
327,7362760.78,0.00,0.00
328,7254107.00,0.00,0.00
329,6217536.21,0.00,0.00
330,7140889.88,0.00,0.00
331,6571194.89,0.00,0.00
332,7039444.92,0.00,0.00
333,6471620.32,0.00,0.00
334,18259024.38,0.00,0.00
335,6336465.36,0.00,0.00
336,1977617.03,0.00,0.00
337,17622263.91,0.00,0.00
338,14167861.22,0.00,0.00
339,18227342.84,0.00,0.00
340,1882036.92,0.00,0.00
341,6311264.04,0.00,0.00
342,14027971.74,0.00,0.00
343,17587951.66,0.00,0.00
344,6506270.17,0.00,0.00
345,1844860.08,0.00,0.00
346,7318800.21,0.00,0.00
347,6392911.20,0.00,0.00
348,6288223.51,0.00,0.00
349,7227890.97,0.00,0.00
350,6294847.97,0.00,0.00
351,1818704.61,0.00,0.00
352,7133258.82,0.00,0.00
353,1689612.87,0.00,0.00
354,6282199.38,0.00,0.00
355,17842375.76,0.00,0.00
356,6159226.66,0.00,0.00
357,6591880.08,0.00,0.00
358,6499702.93,0.00,0.00
359,14636737.82,0.00,0.00
360,1919778.35,0.00,0.00
361,14550477.27,0.00,0.00
362,1825666.90,0.00,0.00
363,6462677.72,0.00,0.00
364,18088445.43,0.00,0.00
365,7548048.73,0.00,0.00
366,6415999.41,0.00,0.00
367,1718712.81,0.00,0.00
368,17980726.00,0.00,0.00
369,7443109.04,0.00,0.00
370,6430444.96,0.00,0.00
371,1626083.37,0.00,0.00
372,6353116.51,0.00,0.00
373,6211196.42,0.00,0.00
374,19289582.73,0.00,0.00
375,1564930.44,0.00,0.00
376,14796377.42,0.00,0.00
377,6177519.32,0.00,0.00
378,19249151.95,0.00,0.00
379,14696141.48,0.00,0.00
380,6637254.71,0.00,0.00
381,7710621.60,0.00,0.00
382,14574846.03,0.00,0.00
383,7632245.78,0.00,0.00
384,1828708.17,0.00,0.00
385,7548127.89,0.00,0.00
386,1750490.43,0.00,0.00
387,6475631.48,0.00,0.00
388,20156698.70,0.00,0.00
389,6926216.36,0.00,0.00
390,7550254.34,0.00,0.00
391,1711623.67,0.00,0.00
392,7421358.59,0.00,0.00
393,1565561.06,0.00,0.00
394,20129949.81,0.00,0.00
395,6874907.73,0.00,0.00
396,6787320.85,0.00,0.00
397,1584234.48,0.00,0.00
398,20124017.24,0.00,0.00
399,6812737.70,0.00,0.00
400,6778912.78,0.00,0.00
401,6727234.84,0.00,0.00
402,6641623.50,0.00,0.00
403,7821019.65,0.00,0.00
404,1827844.14,0.00,0.00
405,7723668.58,0.00,0.00
406,6591895.82,0.00,0.00
407,1767068.39,0.00,0.00
408,7059501.17,0.00,0.00
409,7679922.10,0.00,0.00
410,6563604.12,0.00,0.00
411,1723340.51,0.00,0.00
412,7592556.00,0.00,0.00
413,1607331.04,0.00,0.00
414,20954367.16,0.00,0.00
415,7594212.77,0.00,0.00
416,1520524.74,0.00,0.00
417,7302972.08,0.00,0.00
418,20952305.56,0.00,0.00
419,6942722.56,0.00,0.00
420,7315892.93,0.00,0.00
421,20928772.69,0.00,0.00
422,6916306.26,0.00,0.00
423,7905529.74,0.00,0.00
424,7288002.49,0.00,0.00
425,1794635.53,0.00,0.00
426,7816425.80,0.00,0.00
427,6925788.64,0.00,0.00
428,7271916.63,0.00,0.00
429,1630884.17,0.00,0.00
430,7705905.68,0.00,0.00
431,1451261.76,0.00,0.00
432,7599835.87,0.00,0.00
433,6926155.81,0.00,0.00
434,1291836.74,0.00,0.00
435,7619015.93,0.00,0.00
436,1241940.26,0.00,0.00
437,7598315.24,0.00,0.00
438,7121123.31,0.00,0.00
439,21671063.66,0.00,0.00
440,7887173.18,0.00,0.00
441,21589997.29,0.00,0.00
442,7776280.40,0.00,0.00
443,7884041.31,0.00,0.00
444,1530357.36,0.00,0.00
445,22166489.84,0.00,0.00
446,7427586.32,0.00,0.00
447,7707333.09,0.00,0.00
448,1362805.60,0.00,0.00
449,7597838.40,0.00,0.00
450,7877960.44,0.00,0.00
451,22146027.57,0.00,0.00
452,7415701.87,0.00,0.00
453,1225473.88,0.00,0.00
454,21845704.79,0.00,0.00
455,7572317.84,0.00,0.00
456,7857908.49,0.00,0.00
457,1079462.29,0.00,0.00
458,7388210.30,0.00,0.00
459,963352.44,0.00,0.00
460,7860627.65,0.00,0.00
461,7383780.96,0.00,0.00
462,18917420.39,0.00,0.00
463,7932029.49,0.00,0.00
464,22291768.79,0.00,0.00
465,18880737.54,0.00,0.00
466,1152398.11,0.00,0.00
467,7853721.14,0.00,0.00
468,8149126.77,0.00,0.00
469,7579878.33,0.00,0.00
470,22213643.79,0.00,0.00
471,7763312.58,0.00,0.00
472,24063086.51,0.00,0.00
473,1150088.55,0.00,0.00
474,19091009.62,0.00,0.00
475,24012965.20,0.00,0.00
476,1105578.42,0.00,0.00
477,8487355.95,0.00,0.00
478,1033802.03,0.00,0.00
479,8381396.29,0.00,0.00
480,8272430.90,0.00,0.00
481,919794.32,0.00,0.00
482,8271169.66,0.00,0.00
483,23904654.03,0.00,0.00
484,19635426.28,0.00,0.00
485,8506975.65,0.00,0.00
486,19500302.31,0.00,0.00
487,8439609.29,0.00,0.00
488,23898627.04,0.00,0.00
489,1145320.65,0.00,0.00
490,8830799.10,0.00,0.00
491,8494858.26,0.00,0.00
492,962161.06,0.00,0.00
493,23878167.39,0.00,0.00
494,8465938.81,0.00,0.00
495,8842471.84,0.00,0.00
496,816235.78,0.00,0.00
497,8432269.33,0.00,0.00
498,646134.61,0.00,0.00
499,8424019.10,0.00,0.00
500,8776643.51,0.00,0.00
501,621051.07,0.00,0.00
502,8730784.42,0.00,0.00
503,9244545.70,0.00,0.00
504,25690571.31,0.00,0.00
505,8694166.18,0.00,0.00
506,8725814.58,0.00,0.00
507,9270491.36,0.00,0.00
508,25679668.66,0.00,0.00
509,8705053.81,0.00,0.00
510,8668854.95,0.00,0.00
511,9206266.88,0.00,0.00
512,25610587.36,0.00,0.00
513,960609.44,0.00,0.00
514,8705153.70,0.00,0.00
515,750916.48,0.00,0.00
516,9225535.15,0.00,0.00
517,520144.94,0.00,0.00
518,9158465.39,0.00,0.00
519,8681161.17,0.00,0.00
520,9036701.20,0.00,0.00
521,440398.69,0.00,0.00
522,26167756.56,0.00,0.00
523,8917756.80,0.00,0.00
524,9359649.42,0.00,0.00
525,9550715.92,0.00,0.00
526,26178686.86,0.00,0.00
527,619419.34,0.00,0.00
528,9453155.04,0.00,0.00
529,9305926.56,0.00,0.00
530,9306145.91,0.00,0.00
531,9486683.37,0.00,0.00
532,9261439.32,0.00,0.00
533,9420228.24,0.00,0.00
534,9182045.22,0.00,0.00
535,9352969.17,0.00,0.00
536,9403701.31,0.00,0.00
537,907906.29,0.00,0.00
538,9177799.46,0.00,0.00
539,683124.54,0.00,0.00
540,9073180.20,0.00,0.00
541,514596.70,0.00,0.00
542,9534156.08,0.00,0.00
543,26824728.73,0.00,0.00
544,9677635.43,0.00,0.00
545,26771443.37,0.00,0.00
546,589179.75,0.00,0.00
547,9238063.10,0.00,0.00
548,9666102.41,0.00,0.00
549,9803841.83,0.00,0.00
550,480304.00,0.00,0.00
551,9650678.63,0.00,0.00
552,9643108.61,0.00,0.00
553,27059538.84,0.00,0.00
554,9601384.64,0.00,0.00
555,9597931.62,0.00,0.00
556,9610768.08,0.00,0.00
557,27986546.99,0.00,0.00
558,9353946.69,0.00,0.00
559,9574541.81,0.00,0.00
560,27900514.36,0.00,0.00
561,9559455.87,0.00,0.00
562,845143.08,0.00,0.00
563,9302397.97,0.00,0.00
564,27809178.11,0.00,0.00
565,24158060.31,0.00,0.00
566,684996.84,0.00,0.00
567,28323094.13,0.00,0.00
568,9238340.62,0.00,0.00
569,9701052.90,0.00,0.00
570,24122923.61,0.00,0.00
571,28308445.93,0.00,0.00
572,579931.26,0.00,0.00
573,9815968.99,0.00,0.00
574,9685360.19,0.00,0.00
575,27946661.23,0.00,0.00
576,489435.43,0.00,0.00
577,9399405.48,0.00,0.00
578,9547263.86,0.00,0.00
579,9944679.98,0.00,0.00
580,24427583.93,0.00,0.00
581,27951840.64,0.00,0.00
582,24318412.78,0.00,0.00
583,9854429.01,0.00,0.00
584,9486069.44,0.00,0.00
585,24221239.33,0.00,0.00
586,622140.65,0.00,0.00
587,9606027.84,0.00,0.00
588,9395537.38,0.00,0.00
589,9820973.63,0.00,0.00
590,9552341.94,0.00,0.00
591,9760337.59,0.00,0.00
592,9430141.21,0.00,0.00
593,9741240.26,0.00,0.00
594,954395.29,0.00,0.00
595,9399772.17,0.00,0.00
596,9584924.46,0.00,0.00
597,757628.20,0.00,0.00
598,9997230.77,0.00,0.00
599,557227.61,0.00,0.00
600,9518044.47,0.00,0.00
601,9433175.56,0.00,0.00
602,9669956.45,0.00,0.00
603,30107806.68,0.00,0.00
604,534599.54,0.00,0.00
605,9268541.57,0.00,0.00
606,10262625.22,0.00,0.00
607,30071958.78,0.00,0.00
608,29976472.14,0.00,0.00
609,10181717.16,0.00,0.00
610,604588.03,0.00,0.00
611,9973739.62,0.00,0.00
612,10177965.88,0.00,0.00
613,9829877.38,0.00,0.00
614,9620599.99,0.00,0.00
615,10071188.21,0.00,0.00
616,9475377.08,0.00,0.00
617,9767583.13,0.00,0.00
618,9350479.60,0.00,0.00
619,9666340.83,0.00,0.00
620,1000893.83,0.00,0.00
621,9195568.80,0.00,0.00
622,10245687.72,0.00,0.00
623,787142.28,0.00,0.00
624,9608695.51,0.00,0.00
625,9080076.22,0.00,0.00
626,585512.64,0.00,0.00
627,648806.81,0.00,0.00
628,10472880.84,0.00,0.00
629,9296087.03,0.00,0.00
630,9842841.39,0.00,0.00
631,10348259.93,0.00,0.00
632,9729383.95,0.00,0.00
633,626525.64,0.00,0.00
634,9243967.77,0.00,0.00
635,10252775.19,0.00,0.00
636,9030251.03,0.00,0.00
637,9597320.32,0.00,0.00
638,10133305.79,0.00,0.00
639,8852409.12,0.00,0.00
640,9506412.03,0.00,0.00
641,9972504.38,0.00,0.00
642,32523235.80,0.00,0.00
643,8739693.16,0.00,0.00
644,891717.43,0.00,0.00
645,628413.68,0.00,0.00
646,32513814.69,0.00,0.00
647,28211628.91,0.00,0.00
648,10212858.92,0.00,0.00
649,571743.01,0.00,0.00
650,28145195.96,0.00,0.00
651,9745022.30,0.00,0.00
652,10103898.76,0.00,0.00
653,9002872.94,0.00,0.00
654,32574810.98,0.00,0.00
655,8799877.17,0.00,0.00
656,9901404.38,0.00,0.00
657,583003.04,0.00,0.00
658,32585904.36,0.00,0.00
659,9944920.30,0.00,0.00
660,28484863.52,0.00,0.00
661,8688493.97,0.00,0.00
662,9812134.98,0.00,0.00
663,555970.67,0.00,0.00
664,9749864.34,0.00,0.00
665,8511235.48,0.00,0.00
666,9640699.86,0.00,0.00
667,8376854.18,0.00,0.00
668,9915464.64,0.00,0.00
669,32891386.75,0.00,0.00
670,9512484.31,0.00,0.00
671,29076026.92,0.00,0.00
672,8549537.18,0.00,0.00
673,1023212.67,0.00,0.00
674,28954335.69,0.00,0.00
675,10075211.29,0.00,0.00
676,34023998.98,0.00,0.00
677,8388656.38,0.00,0.00
678,815095.42,0.00,0.00
679,33249098.30,0.00,0.00
680,9755768.78,0.00,0.00
681,620076.42,0.00,0.00
682,9984794.86,0.00,0.00
683,33154005.29,0.00,0.00
684,34014319.66,0.00,0.00
685,8245549.68,0.00,0.00
686,34431556.22,0.00,0.00
687,9885783.43,0.00,0.00
688,33171094.89,0.00,0.00
689,8124498.37,0.00,0.00
690,571993.11,0.00,0.00
691,34459154.61,0.00,0.00
692,33174796.10,0.00,0.00
693,9930896.76,0.00,0.00
694,9769999.50,0.00,0.00
695,458992.24,0.00,0.00
696,8016875.98,0.00,0.00
697,34415977.95,0.00,0.00
698,9710567.71,0.00,0.00
699,9620012.52,0.00,0.00
700,9613701.58,0.00,0.00
701,33444566.73,0.00,0.00
702,9493308.31,0.00,0.00
703,8247628.93,0.00,0.00
704,33396359.21,0.00,0.00
705,828443.53,0.00,0.00
706,9850879.19,0.00,0.00
707,8085855.25,0.00,0.00
708,33303220.99,0.00,0.00
709,9605312.35,0.00,0.00
710,635085.58,0.00,0.00
711,7926283.84,0.00,0.00
712,33288303.61,0.00,0.00
713,9479865.79,0.00,0.00
714,509827.14,0.00,0.00
715,9741816.28,0.00,0.00
716,7784837.48,0.00,0.00
717,33282095.91,0.00,0.00
718,9355988.74,0.00,0.00
719,7591760.16,0.00,0.00
720,529885.05,0.00,0.00
721,35690574.88,0.00,0.00
722,9907141.45,0.00,0.00
723,35656161.07,0.00,0.00
724,33523012.40,0.00,0.00
725,35572629.21,0.00,0.00
726,7763573.17,0.00,0.00
727,633410.69,0.00,0.00
728,9744996.31,0.00,0.00
729,9578639.51,0.00,0.00
730,7550478.94,0.00,0.00
731,9628794.67,0.00,0.00
732,7374667.64,0.00,0.00
733,9522186.99,0.00,0.00
734,7280857.32,0.00,0.00
735,9755182.74,0.00,0.00
736,842680.69,0.00,0.00
737,9540561.68,0.00,0.00
738,656584.02,0.00,0.00
739,7159000.87,0.00,0.00
740,9371813.06,0.00,0.00
741,9628965.62,0.00,0.00
742,589445.11,0.00,0.00
743,34416583.30,0.00,0.00
744,9211542.37,0.00,0.00
745,34312506.44,0.00,0.00
746,36547899.01,0.00,0.00
747,480677.13,0.00,0.00
748,7425468.21,0.00,0.00
749,36536119.46,0.00,0.00
750,9841951.37,0.00,0.00
751,9345255.14,0.00,0.00
752,7330019.00,0.00,0.00
753,547764.78,0.00,0.00
754,9632111.79,0.00,0.00
755,7141519.31,0.00,0.00
756,9481593.61,0.00,0.00
757,6992675.07,0.00,0.00
758,9467616.56,0.00,0.00
759,9368157.86,0.00,0.00
760,6875680.45,0.00,0.00
761,9372225.52,0.00,0.00
762,9156113.15,0.00,0.00
763,33516872.64,0.00,0.00
764,966144.80,0.00,0.00
765,785576.34,0.00,0.00
766,9063423.16,0.00,0.00
767,9580275.54,0.00,0.00
768,33499661.68,0.00,0.00
769,7062335.01,0.00,0.00
770,657816.17,0.00,0.00
771,6875961.78,0.00,0.00
772,38738617.18,0.00,0.00
773,6647922.75,0.00,0.00
774,522688.39,0.00,0.00
775,6450003.39,0.00,0.00
776,38731432.44,0.00,0.00
777,33732708.22,0.00,0.00
778,9264604.57,0.00,0.00
779,9817562.34,0.00,0.00
780,6312108.04,0.00,0.00
781,38196169.61,0.00,0.00
782,584379.91,0.00,0.00
783,9678283.93,0.00,0.00
784,38196171.76,0.00,0.00
785,9548615.93,0.00,0.00
786,34020755.77,0.00,0.00
787,9496033.43,0.00,0.00
788,38124149.08,0.00,0.00
789,33935916.66,0.00,0.00
790,9441842.56,0.00,0.00
791,9320699.21,0.00,0.00
792,6630585.91,0.00,0.00
793,33904917.00,0.00,0.00
794,9110447.41,0.00,0.00
795,918212.18,0.00,0.00
796,33833119.15,0.00,0.00
797,739801.17,0.00,0.00
798,6517525.43,0.00,0.00
799,9000721.93,0.00,0.00
800,550871.61,0.00,0.00
801,6417069.44,0.00,0.00
802,9680052.76,0.00,0.00
803,6248332.74,0.00,0.00
804,501999.86,0.00,0.00
805,34117090.94,0.00,0.00
806,34032973.05,0.00,0.00
807,6099206.45,0.00,0.00
808,9220009.09,0.00,0.00
809,34005283.12,0.00,0.00
810,550414.09,0.00,0.00
811,9945904.25,0.00,0.00
812,40456043.00,0.00,0.00
813,9814526.56,0.00,0.00
814,6249628.31,0.00,0.00
815,9378568.89,0.00,0.00
816,40481805.09,0.00,0.00
817,9676665.31,0.00,0.00
818,9270277.98,0.00,0.00
819,6213749.17,0.00,0.00
820,40493191.96,0.00,0.00
821,9579553.60,0.00,0.00
822,9087663.17,0.00,0.00
823,958693.03,0.00,0.00
824,6135477.54,0.00,0.00
825,8956579.21,0.00,0.00
826,894300.94,0.00,0.00
827,38947748.42,0.00,0.00
828,9702479.60,0.00,0.00
829,688035.96,0.00,0.00
830,38821287.87,0.00,0.00
831,512782.81,0.00,0.00
832,6305457.59,0.00,0.00
833,9175580.26,0.00,0.00
834,6212715.86,0.00,0.00
835,9872004.03,0.00,0.00
836,39111083.27,0.00,0.00
837,620146.27,0.00,0.00
838,35633962.63,0.00,0.00
839,9744214.77,0.00,0.00
840,35519306.90,0.00,0.00
841,41634354.59,0.00,0.00
842,9377191.54,0.00,0.00
843,9651559.35,0.00,0.00
844,41616324.66,0.00,0.00
845,6510204.79,0.00,0.00
846,9283406.97,0.00,0.00
847,6300614.36,0.00,0.00
848,9539507.87,0.00,0.00
849,41535938.26,0.00,0.00
850,6094775.44,0.00,0.00
851,39639080.52,0.00,0.00
852,1039041.52,0.00,0.00
853,9251763.58,0.00,0.00
854,35911328.55,0.00,0.00
855,5887514.83,0.00,0.00
856,39555935.86,0.00,0.00
857,846762.18,0.00,0.00
858,41576874.26,0.00,0.00
859,5690774.44,0.00,0.00
860,9108138.08,0.00,0.00
861,9642385.24,0.00,0.00
862,39519257.78,0.00,0.00
863,697398.66,0.00,0.00
864,39422022.34,0.00,0.00
865,597534.18,0.00,0.00
866,9144762.04,0.00,0.00
867,36309492.35,0.00,0.00
868,5875839.23,0.00,0.00
869,9845796.35,0.00,0.00
870,36259963.04,0.00,0.00
871,598495.96,0.00,0.00
872,5748240.23,0.00,0.00
873,39651658.54,0.00,0.00
874,5463795.19,0.00,0.00
875,9706101.42,0.00,0.00
876,9396751.40,0.00,0.00
877,9581168.89,0.00,0.00
878,5375116.35,0.00,0.00
879,9220685.48,0.00,0.00
880,5211622.48,0.00,0.00
881,9493589.88,0.00,0.00
882,886908.29,0.00,0.00
883,9075251.10,0.00,0.00
884,40028486.25,0.00,0.00
885,706108.33,0.00,0.00
886,43411487.58,0.00,0.00
887,39856932.40,0.00,0.00
888,511548.52,0.00,0.00
889,8992708.68,0.00,0.00
890,5369401.22,0.00,0.00
891,9584527.25,0.00,0.00
892,43434015.75,0.00,0.00
893,5154013.63,0.00,0.00
894,43329446.32,0.00,0.00
895,567644.60,0.00,0.00
896,43321534.63,0.00,0.00
897,5034604.07,0.00,0.00
898,9089031.70,0.00,0.00
899,43265427.35,0.00,0.00
900,4845954.42,0.00,0.00
901,510467.29,0.00,0.00
902,9817012.07,0.00,0.00
903,43186158.18,0.00,0.00
904,4751320.12,0.00,0.00
905,40475737.33,0.00,0.00
906,9693008.66,0.00,0.00
907,9284016.37,0.00,0.00
908,40472431.66,0.00,0.00
909,9572744.37,0.00,0.00
910,9143067.12,0.00,0.00
911,9440583.23,0.00,0.00
912,9000110.63,0.00,0.00
913,977092.03,0.00,0.00
914,5055232.76,0.00,0.00
915,40759010.79,0.00,0.00
916,771731.85,0.00,0.00
917,4875202.42,0.00,0.00
918,8927352.91,0.00,0.00
919,4669841.29,0.00,0.00
920,665475.85,0.00,0.00
921,9675325.16,0.00,0.00
922,4548066.85,0.00,0.00
923,552384.61,0.00,0.00
924,4431925.54,0.00,0.00
925,9155617.00,0.00,0.00
926,577307.70,0.00,0.00
927,9897343.16,0.00,0.00
928,9689611.20,0.00,0.00
929,9352331.40,0.00,0.00
930,4676485.06,0.00,0.00
931,9575277.57,0.00,0.00
932,41788896.56,0.00,0.00
933,9159631.25,0.00,0.00
934,4515172.96,0.00,0.00
935,41736201.52,0.00,0.00
936,9478802.44,0.00,0.00
937,9020815.61,0.00,0.00
938,4430283.78,0.00,0.00
939,950414.42,0.00,0.00
940,4217699.53,0.00,0.00
941,8905159.71,0.00,0.00
942,757096.53,0.00,0.00
943,4092569.59,0.00,0.00
944,8767742.16,0.00,0.00
945,543113.71,0.00,0.00
946,9710928.68,0.00,0.00
947,471225.74,0.00,0.00
948,4279175.76,0.00,0.00
949,40894013.40,0.00,0.00
950,8977316.86,0.00,0.00
951,9926232.10,0.00,0.00
952,4130636.22,0.00,0.00
953,8774744.27,0.00,0.00
954,549413.92,0.00,0.00
955,40889504.91,0.00,0.00
956,3925336.84,0.00,0.00
957,9751205.44,0.00,0.00
958,8687298.06,0.00,0.00
959,3832961.32,0.00,0.00
960,9653133.87,0.00,0.00
961,8551059.96,0.00,0.00
962,3725588.80,0.00,0.00
963,9517613.17,0.00,0.00
964,41182988.41,0.00,0.00
965,41089078.90,0.00,0.00
966,949685.57,0.00,0.00
967,727475.17,0.00,0.00
968,41005500.32,0.00,0.00
969,8773550.03,0.00,0.00
970,9662992.95,0.00,0.00
971,631908.18,0.00,0.00
972,47970187.90,0.00,0.00
973,4020152.57,0.00,0.00
974,494108.68,0.00,0.00
975,47973929.17,0.00,0.00
976,3915238.14,0.00,0.00
977,44139765.26,0.00,0.00
978,47842490.20,0.00,0.00
979,9050928.35,0.00,0.00
980,9868828.30,0.00,0.00
981,3737699.99,0.00,0.00
982,599806.31,0.00,0.00
983,44151358.60,0.00,0.00
984,47824748.28,0.00,0.00
985,9698190.45,0.00,0.00
986,3494961.74,0.00,0.00
987,8939872.50,0.00,0.00
988,9574419.02,0.00,0.00
989,3365159.75,0.00,0.00
990,8835674.29,0.00,0.00
991,9434931.04,0.00,0.00
992,8657100.68,0.00,0.00
993,44468277.93,0.00,0.00
994,878124.71,0.00,0.00
995,44387338.88,0.00,0.00
996,626988.89,0.00,0.00
997,3475228.79,0.00,0.00
998,44267767.91,0.00,0.00
999,458557.61,0.00,0.00
1000,9521408.32,0.00,0.00
1001,3274135.11,0.00,0.00
1002,3065992.83,0.00,0.00
1003,8852144.00,0.00,0.00
1004,2877070.67,0.00,0.00
1005,513622.76,0.00,0.00
1006,2736576.32,0.00,0.00
1007,9724727.15,0.00,0.00
1008,538036.35,0.00,0.00
1009,49684468.75,0.00,0.00
1010,9546350.00,0.00,0.00
1011,9109784.60,0.00,0.00
1012,49669416.19,0.00,0.00
1013,9436246.16,0.00,0.00
1014,9002143.14,0.00,0.00
1015,49630879.16,0.00,0.00
1016,9318520.78,0.00,0.00
1017,49566837.31,0.00,0.00
1018,8859557.39,0.00,0.00
1019,3137042.76,0.00,0.00
1020,8685479.16,0.00,0.00
1021,49544472.46,0.00,0.00
1022,924125.91,0.00,0.00
1023,3067602.16,0.00,0.00
1024,720033.17,0.00,0.00
1025,49534874.68,0.00,0.00
1026,9483250.62,0.00,0.00
1027,2936044.93,0.00,0.00
1028,584063.05,0.00,0.00
1029,8801594.26,0.00,0.00
1030,2700154.54,0.00,0.00
1031,44220545.05,0.00,0.00
1032,2522905.35,0.00,0.00
1033,44218416.93,0.00,0.00
1034,619668.96,0.00,0.00
1035,9670486.45,0.00,0.00
1036,50529250.86,0.00,0.00
1037,9008393.05,0.00,0.00
1038,9504303.46,0.00,0.00
1039,543819.67,0.00,0.00
1040,50508674.86,0.00,0.00
1041,8897721.05,0.00,0.00
1042,9395124.67,0.00,0.00
1043,2796183.82,0.00,0.00
1044,44499877.21,0.00,0.00
1045,2612123.97,0.00,0.00
1046,44393701.79,0.00,0.00
1047,9254111.77,0.00,0.00
1048,8789768.22,0.00,0.00
1049,2435519.46,0.00,0.00
1050,44322291.85,0.00,0.00
1051,9085312.60,0.00,0.00
1052,8703468.08,0.00,0.00
1053,2319787.74,0.00,0.00
1054,884558.44,0.00,0.00
1055,8523145.68,0.00,0.00
1056,2201710.70,0.00,0.00
1057,800565.48,0.00,0.00
1058,590915.44,0.00,0.00
1059,9307673.22,0.00,0.00
1060,8647659.30,0.00,0.00
1061,9184224.84,0.00,0.00
1062,8466701.51,0.00,0.00
1063,2479781.63,0.00,0.00
1064,9074629.55,0.00,0.00
1065,8300414.09,0.00,0.00
1066,8889517.78,0.00,0.00
1067,2437005.76,0.00,0.00
1068,8134655.48,0.00,0.00
1069,1080176.83,0.00,0.00
1070,8734074.12,0.00,0.00
1071,2309782.51,0.00,0.00
1072,52198869.47,0.00,0.00
1073,7988325.36,0.00,0.00
1074,994434.60,0.00,0.00
1075,2112277.03,0.00,0.00
1076,52189098.60,0.00,0.00
1077,2000387.43,0.00,0.00
1078,52088711.02,0.00,0.00
1079,8921117.07,0.00,0.00
1080,1177769.90,0.00,0.00
1081,8195565.94,0.00,0.00
1082,8762653.59,0.00,0.00
1083,49105769.63,0.00,0.00
1084,973545.79,0.00,0.00
1085,8059314.49,0.00,0.00
1086,48967154.26,0.00,0.00
1087,8604806.90,0.00,0.00
1088,876939.06,0.00,0.00
1089,2302602.53,0.00,0.00
1090,7980394.84,0.00,0.00
1091,8469090.94,0.00,0.00
1092,2107466.22,0.00,0.00
1093,7845015.53,0.00,0.00
1094,49206871.27,0.00,0.00
1095,2013183.83,0.00,0.00
1096,1794689.42,0.00,0.00
1097,49137452.84,0.00,0.00
1098,8604105.95,0.00,0.00
1099,49072406.05,0.00,0.00
1100,1676349.88,0.00,0.00
1101,1280223.85,0.00,0.00
1102,49074548.96,0.00,0.00
1103,8090322.02,0.00,0.00
1104,1121301.89,0.00,0.00
1105,49002062.80,0.00,0.00
1106,8791368.96,0.00,0.00
1107,54202541.59,0.00,0.00
1108,1981114.39,0.00,0.00
1109,8686056.14,0.00,0.00
1110,8320814.37,0.00,0.00
1111,1349595.31,0.00,0.00
1112,54219656.94,0.00,0.00
1113,49274324.42,0.00,0.00
1114,8102787.49,0.00,0.00
1115,1907629.73,0.00,0.00
1116,8603477.48,0.00,0.00
1117,1183438.06,0.00,0.00
1118,49215768.58,0.00,0.00
1119,1780313.01,0.00,0.00
1120,8484403.61,0.00,0.00
1121,8009059.19,0.00,0.00
1122,48315127.13,0.00,0.00
1123,1048427.34,0.00,0.00
1124,49131242.28,0.00,0.00
1125,48191267.49,0.00,0.00
1126,7883099.08,0.00,0.00
1127,8609087.94,0.00,0.00
1128,7992761.85,0.00,0.00
1129,1322238.21,0.00,0.00
1130,48501434.09,0.00,0.00
1131,1214441.54,0.00,0.00
1132,49722266.67,0.00,0.00
1133,8799599.17,0.00,0.00
1134,49695143.94,0.00,0.00
1135,8642457.25,0.00,0.00
1136,2654381.75,0.00,0.00
1137,8227913.86,0.00,0.00
1138,8435670.38,0.00,0.00
1139,8061527.73,0.00,0.00
1140,1387430.91,0.00,0.00
1141,2581317.19,0.00,0.00
1142,8323273.66,0.00,0.00
1143,7940555.57,0.00,0.00
1144,49987332.58,0.00,0.00
1145,1311582.80,0.00,0.00
1146,7800163.98,0.00,0.00
1147,1136242.87,0.00,0.00
1148,49446841.48,0.00,0.00
1149,8459298.61,0.00,0.00
1150,2735282.66,0.00,0.00
1151,1016572.95,0.00,0.00
1152,49407351.49,0.00,0.00
1153,2544340.85,0.00,0.00
1154,56334301.47,0.00,0.00
1155,7940984.96,0.00,0.00
1156,56209237.81,0.00,0.00
1157,993235.59,0.00,0.00
1158,2466780.42,0.00,0.00
1159,2242568.97,0.00,0.00
1160,8621136.90,0.00,0.00
1161,56150590.90,0.00,0.00
1162,2049843.55,0.00,0.00
1163,8442260.50,0.00,0.00
1164,56743090.63,0.00,0.00
1165,8264628.89,0.00,0.00
1166,8150526.76,0.00,0.00
1167,1193356.51,0.00,0.00
1168,7932698.73,0.00,0.00
1169,56676293.37,0.00,0.00
1170,8141397.71,0.00,0.00
1171,51210771.80,0.00,0.00
1172,1136028.05,0.00,0.00
1173,7827757.36,0.00,0.00
1174,2383657.69,0.00,0.00
1175,51119757.41,0.00,0.00
1176,962606.67,0.00,0.00
1177,7746660.23,0.00,0.00
1178,2176312.21,0.00,0.00
1179,56712373.02,0.00,0.00
1180,851502.42,0.00,0.00
1181,8393948.79,0.00,0.00
1182,56684459.21,0.00,0.00
1183,2066370.49,0.00,0.00
1184,724488.97,0.00,0.00
1185,1882084.85,0.00,0.00
1186,7917853.59,0.00,0.00
1187,1754451.51,0.00,0.00
1188,8592828.99,0.00,0.00
1189,893553.73,0.00,0.00
1190,51867307.19,0.00,0.00
1191,8459912.54,0.00,0.00
1192,728426.93,0.00,0.00
1193,8277949.81,0.00,0.00
1194,8141458.03,0.00,0.00
1195,51860144.85,0.00,0.00
1196,2026241.06,0.00,0.00
1197,7974233.39,0.00,0.00
1198,8195186.38,0.00,0.00
1199,1875224.83,0.00,0.00
1200,7826084.38,0.00,0.00
1201,58312516.45,0.00,0.00
1202,1762482.88,0.00,0.00
1203,52154004.10,0.00,0.00
1204,58193398.71,0.00,0.00
1205,7757325.89,0.00,0.00
1206,1532699.35,0.00,0.00
1207,52048636.44,0.00,0.00
1208,58173290.25,0.00,0.00
1209,1474857.33,0.00,0.00
1210,51984974.62,0.00,0.00
1211,8500735.04,0.00,0.00
1212,7867379.67,0.00,0.00
1213,8654123.78,0.00,0.00
1214,58694065.81,0.00,0.00
1215,8504836.08,0.00,0.00
1216,8104984.76,0.00,0.00
1217,58672008.75,0.00,0.00
1218,8314180.37,0.00,0.00
1219,7890215.87,0.00,0.00
1220,8170860.53,0.00,0.00
1221,58681048.15,0.00,0.00
1222,2186749.70,0.00,0.00
1223,7774526.60,0.00,0.00
1224,2454463.01,0.00,0.00
1225,59173742.53,0.00,0.00
1226,7649800.06,0.00,0.00
1227,2192506.31,0.00,0.00
1228,2422628.88,0.00,0.00
1229,59191314.46,0.00,0.00
1230,8284814.83,0.00,0.00
1231,2169868.71,0.00,0.00
1232,2075341.94,0.00,0.00
1233,54027947.90,0.00,0.00
1234,7760242.94,0.00,0.00
1235,1988372.56,0.00,0.00
1236,53948017.12,0.00,0.00
1237,2319648.98,0.00,0.00
1238,1850316.76,0.00,0.00
1239,8489483.59,0.00,0.00
1240,2152020.45,0.00,0.00
1241,8268379.69,0.00,0.00
1242,8118299.96,0.00,0.00
1243,7963537.69,0.00,0.00
1244,2052216.53,0.00,0.00
1245,54230968.24,0.00,0.00
1246,1992847.44,0.00,0.00
1247,7799459.22,0.00,0.00
1248,1856288.43,0.00,0.00
1249,8011927.84,0.00,0.00
1250,54141409.64,0.00,0.00
1251,1671129.94,0.00,0.00
1252,7638381.48,0.00,0.00
1253,54047934.29,0.00,0.00
1254,1907507.42,0.00,0.00
1255,7551511.05,0.00,0.00
1256,1810207.13,0.00,0.00
1257,1618105.17,0.00,0.00
1258,8252832.89,0.00,0.00
1259,1832558.39,0.00,0.00
1260,1450252.06,0.00,0.00
1261,1770520.69,0.00,0.00
1262,7809296.61,0.00,0.00
1263,60971739.77,0.00,0.00
1264,1572895.29,0.00,0.00
1265,8440200.57,0.00,0.00
1266,60881068.94,0.00,0.00
1267,1406187.77,0.00,0.00
1268,1202212.10,0.00,0.00
1269,1693844.08,0.00,0.00
1270,60875226.50,0.00,0.00
1271,8339803.22,0.00,0.00
1272,8023358.82,0.00,0.00
1273,8226135.97,0.00,0.00
1274,1635483.50,0.00,0.00
1275,7901635.17,0.00,0.00
1276,8113846.30,0.00,0.00
1277,1519812.11,0.00,0.00
1278,1498051.17,0.00,0.00
1279,7809793.23,0.00,0.00
1280,1403026.82,0.00,0.00
1281,1329141.62,0.00,0.00
1282,7708073.62,0.00,0.00
1283,1246934.41,0.00,0.00
1284,8202757.36,0.00,0.00
1285,1208030.22,0.00,0.00
1286,7596998.69,0.00,0.00
1287,1015415.19,0.00,0.00
1288,56633764.98,0.00,0.00
1289,62416912.08,0.00,0.00
1290,56544510.36,0.00,0.00
1291,917487.86,0.00,0.00
1292,1431058.65,0.00,0.00
1293,56283855.92,0.00,0.00
1294,1180920.84,0.00,0.00
1295,8438451.77,0.00,0.00
1296,62393289.57,0.00,0.00
1297,56179093.84,0.00,0.00
1298,1012539.15,0.00,0.00
1299,8242837.19,0.00,0.00
1300,7778207.06,0.00,0.00
1301,8084482.91,0.00,0.00
1302,880512.00,0.00,0.00
1303,56788790.70,0.00,0.00
1304,7698476.08,0.00,0.00
1305,712719.92,0.00,0.00
1306,1205816.03,0.00,0.00
1307,7998912.57,0.00,0.00
1308,7589480.16,0.00,0.00
1309,56485002.28,0.00,0.00
1310,1063663.01,0.00,0.00
1311,861453.77,0.00,0.00
1312,7495807.17,0.00,0.00
1313,732080.94,0.00,0.00
1314,7428767.92,0.00,0.00
1315,57182485.82,0.00,0.00
1316,8211725.23,0.00,0.00
1317,57079109.91,0.00,0.00
1318,1109282.73,0.00,0.00
1319,637851.72,0.00,0.00
1320,8159476.52,0.00,0.00
1321,935194.73,0.00,0.00
1322,57003824.71,0.00,0.00
1323,7885150.43,0.00,0.00
1324,56908813.48,0.00,0.00
1325,7556532.62,0.00,0.00
1326,817208.53,0.00,0.00
1327,7802109.48,0.00,0.00
1328,7369196.65,0.00,0.00
1329,729100.94,0.00,0.00
1330,7690654.28,0.00,0.00
1331,956186.53,0.00,0.00
1332,7294767.62,0.00,0.00
1333,670556.55,0.00,0.00
1334,64181449.89,0.00,0.00
1335,7183258.06,0.00,0.00
1336,907487.87,0.00,0.00
1337,663170.81,0.00,0.00
1338,6988843.92,0.00,0.00
1339,7818293.33,0.00,0.00
1340,64184358.60,0.00,0.00
1341,613270.28,0.00,0.00
1342,64157785.42,0.00,0.00
1343,7181297.78,0.00,0.00
1344,594278.34,0.00,0.00
1345,8069230.79,0.00,0.00
1346,7835412.98,0.00,0.00
1347,7057458.64,0.00,0.00
1348,1273089.17,0.00,0.00
1349,7645918.61,0.00,0.00
1350,1094613.31,0.00,0.00
1351,6931139.71,0.00,0.00
1352,918432.95,0.00,0.00
1353,7551160.57,0.00,0.00
1354,829439.88,0.00,0.00
1355,6824485.30,0.00,0.00
1356,737731.93,0.00,0.00
1357,7355495.21,0.00,0.00
1358,65491535.19,0.00,0.00
1359,695211.65,0.00,0.00
1360,6706824.54,0.00,0.00
1361,514899.02,0.00,0.00
1362,690850.73,0.00,0.00
1363,65512196.54,0.00,0.00
1364,7536438.94,0.00,0.00
1365,537548.54,0.00,0.00
1366,7332691.19,0.00,0.00
1367,6871334.79,0.00,0.00
1368,6720632.31,0.00,0.00
1369,502987.15,0.00,0.00
1370,7243309.02,0.00,0.00
1371,6542966.13,0.00,0.00
1372,1121629.24,0.00,0.00
1373,7133433.10,0.00,0.00
1374,941135.17,0.00,0.00
1375,6447633.98,0.00,0.00
1376,60428107.74,0.00,0.00
1377,844411.61,0.00,0.00
1378,60353281.97,0.00,0.00
1379,7235387.09,0.00,0.00
1380,854084.73,0.00,0.00
1381,675674.44,0.00,0.00
1382,6651479.72,0.00,0.00
1383,539472.34,0.00,0.00
1384,60646768.09,0.00,0.00
1385,7484113.45,0.00,0.00
1386,1250033.38,0.00,0.00
1387,505797.39,0.00,0.00
1388,1032122.85,0.00,0.00
1389,7297868.49,0.00,0.00
1390,67203827.86,0.00,0.00
1391,6887650.49,0.00,0.00
1392,6718063.12,0.00,0.00
1393,67148225.07,0.00,0.00
1394,7192130.33,0.00,0.00
1395,501845.84,0.00,0.00
1396,6564935.92,0.00,0.00
1397,7069870.71,0.00,0.00
1398,61067893.51,0.00,0.00
1399,67149137.02,0.00,0.00
1400,61018054.72,0.00,0.00
1401,1329046.96,0.00,0.00
1402,6533683.78,0.00,0.00
1403,1158657.31,0.00,0.00
1404,60986427.55,0.00,0.00
1405,61544516.32,0.00,0.00
1406,7176665.54,0.00,0.00
1407,987754.58,0.00,0.00
1408,60904809.00,0.00,0.00
1409,61452989.58,0.00,0.00
1410,6618503.57,0.00,0.00
1411,861970.66,0.00,0.00
1412,1080727.58,0.00,0.00
1413,856277.47,0.00,0.00
1414,756475.21,0.00,0.00
1415,7404262.78,0.00,0.00
1416,668708.09,0.00,0.00
1417,61236793.04,0.00,0.00
1418,61767498.73,0.00,0.00
1419,7229259.49,0.00,0.00
1420,61132450.82,0.00,0.00
1421,6853479.39,0.00,0.00
1422,583467.01,0.00,0.00
1423,61005858.42,0.00,0.00
1424,7121717.21,0.00,0.00
1425,6677334.55,0.00,0.00
1426,68814737.80,0.00,0.00
1427,546311.38,0.00,0.00
1428,7029664.28,0.00,0.00
1429,6603488.92,0.00,0.00
1430,1134594.92,0.00,0.00
1431,68847140.55,0.00,0.00
1432,968363.29,0.00,0.00
1433,6522824.29,0.00,0.00
1434,62338508.37,0.00,0.00
1435,777545.93,0.00,0.00
1436,62259043.93,0.00,0.00
1437,665350.44,0.00,0.00
1438,7303442.96,0.00,0.00
1439,961286.07,0.00,0.00
1440,6744816.78,0.00,0.00
1441,688115.60,0.00,0.00
1442,973919.39,0.00,0.00
1443,7524234.29,0.00,0.00
1444,822725.06,0.00,0.00
1445,7408471.35,0.00,0.00
1446,6976472.62,0.00,0.00
1447,663025.62,0.00,0.00
1448,7336649.42,0.00,0.00
1449,6881206.75,0.00,0.00
1450,556927.68,0.00,0.00
1451,6683540.82,0.00,0.00
1452,1186849.36,0.00,0.00
1453,7228358.98,0.00,0.00
1454,993509.05,0.00,0.00
1455,6576525.69,0.00,0.00
1456,819833.52,0.00,0.00
1457,70642658.71,0.00,0.00
1458,7293034.79,0.00,0.00
1459,724816.56,0.00,0.00
1460,70630070.45,0.00,0.00
1461,942470.31,0.00,0.00
1462,70568835.50,0.00,0.00
1463,765480.76,0.00,0.00
1464,6871459.96,0.00,0.00
1465,700407.03,0.00,0.00
1466,663086.41,0.00,0.00
1467,7564104.80,0.00,0.00
1468,547210.45,0.00,0.00
1469,7416971.92,0.00,0.00
1470,7038982.15,0.00,0.00
1471,7249449.97,0.00,0.00
1472,472403.53,0.00,0.00
1473,6941329.96,0.00,0.00
1474,7146950.96,0.00,0.00
1475,1169726.61,0.00,0.00
1476,71845678.33,0.00,0.00
1477,6802276.61,0.00,0.00
1478,1129132.99,0.00,0.00
1479,71865327.12,0.00,0.00
1480,6724816.80,0.00,0.00
1481,949597.36,0.00,0.00
1482,7355627.54,0.00,0.00
1483,838994.50,0.00,0.00
1484,777453.66,0.00,0.00
1485,672657.25,0.00,0.00
1486,530283.21,0.00,0.00
1487,6965675.59,0.00,0.00
1488,797636.75,0.00,0.00
1489,7588255.88,0.00,0.00
1490,7385132.31,0.00,0.00
1491,628681.42,0.00,0.00
1492,65701181.89,0.00,0.00
1493,443750.14,0.00,0.00
1494,7268775.22,0.00,0.00
1495,7140217.07,0.00,0.00
1496,65722526.79,0.00,0.00
1497,6985304.36,0.00,0.00
1498,7193832.64,0.00,0.00
1499,1215160.13,0.00,0.00
1500,6853998.66,0.00,0.00
1501,1023696.66,0.00,0.00
1502,73027816.53,0.00,0.00
1503,817631.72,0.00,0.00
1504,66881679.77,0.00,0.00
1505,6744556.90,0.00,0.00
1506,7276129.48,0.00,0.00
1507,66007696.87,0.00,0.00
1508,73055700.30,0.00,0.00
1509,921987.30,0.00,0.00
1510,66880051.14,0.00,0.00
1511,795464.28,0.00,0.00
1512,6873036.15,0.00,0.00
1513,598283.53,0.00,0.00
1514,7517399.79,0.00,0.00
1515,1251664.64,0.00,0.00
1516,73985682.01,0.00,0.00
1517,67207133.77,0.00,0.00
1518,589135.89,0.00,0.00
1519,7408555.27,0.00,0.00
1520,73933565.86,0.00,0.00
1521,1148814.92,0.00,0.00
1522,7087245.94,0.00,0.00
1523,73819794.65,0.00,0.00
1524,7328336.00,0.00,0.00
1525,603505.13,0.00,0.00
1526,6984480.14,0.00,0.00
1527,7196449.76,0.00,0.00
1528,66888885.50,0.00,0.00
1529,6818448.78,0.00,0.00
1530,66749507.90,0.00,0.00
1531,1425980.33,0.00,0.00
1532,6659682.75,0.00,0.00
1533,1259752.75,0.00,0.00
1534,7319746.97,0.00,0.00
1535,1054520.61,0.00,0.00
1536,963923.22,0.00,0.00
1537,767385.72,0.00,0.00
1538,981129.88,0.00,0.00
1539,6792304.52,0.00,0.00
1540,592166.42,0.00,0.00
1541,68351889.61,0.00,0.00
1542,67219277.38,0.00,0.00
1543,7529019.59,0.00,0.00
1544,902131.80,0.00,0.00
1545,68261341.33,0.00,0.00
1546,493753.19,0.00,0.00
1547,67046537.40,0.00,0.00
1548,75035991.19,0.00,0.00
1549,7318216.80,0.00,0.00
1550,74944959.40,0.00,0.00
1551,7123534.68,0.00,0.00
1552,6997869.49,0.00,0.00
1553,545509.10,0.00,0.00
1554,6802376.51,0.00,0.00
1555,7019016.27,0.00,0.00
1556,74971908.33,0.00,0.00
1557,1172815.32,0.00,0.00
1558,67261765.96,0.00,0.00
1559,6647503.14,0.00,0.00
1560,6809000.73,0.00,0.00
1561,6558650.26,0.00,0.00
1562,7022429.23,0.00,0.00
1563,6861759.42,0.00,0.00
1564,6799425.36,0.00,0.00
1565,6680137.40,0.00,0.00
1566,67832485.20,0.00,0.00
1567,75703737.26,0.00,0.00
1568,67688558.34,0.00,0.00
1569,6554715.63,0.00,0.00
1570,75684091.33,0.00,0.00
1571,6995513.92,0.00,0.00
1572,6686876.06,0.00,0.00
1573,6908388.61,0.00,0.00
1574,6808769.94,0.00,0.00
1575,77353339.20,0.00,0.00
1576,6672847.75,0.00,0.00
1577,6899027.35,0.00,0.00
1578,77325163.13,0.00,0.00
1579,6816764.83,0.00,0.00
1580,6663334.85,0.00,0.00
1581,6875233.17,0.00,0.00
1582,6547771.22,0.00,0.00
1583,7026598.45,0.00,0.00
1584,6959340.33,0.00,0.00
1585,77596690.18,0.00,0.00
1586,6786041.74,0.00,0.00
1587,77519868.37,0.00,0.00
1588,77512445.21,0.00,0.00
1589,6727054.83,0.00,0.00
1590,6874655.25,0.00,0.00
1591,79058318.38,0.00,0.00
1592,79015252.35,0.00,0.00
1593,72915050.75,0.00,0.00
1594,78944428.44,0.00,0.00
1595,72797782.42,0.00,0.00
1596,8395477.53,0.00,0.00
1597,5901060.10,0.00,0.00
1598,5373006.82,0.00,0.00
1599,73038969.04,0.00,0.00
1600,5763365.51,0.00,0.00
1601,79541190.15,0.00,0.00
1602,8569436.55,0.00,0.00
1603,5370773.79,0.00,0.00
1604,5614762.07,0.00,0.00
1605,8419469.59,0.00,0.00
1606,79532593.25,0.00,0.00
1607,5212817.67,0.00,0.00
1608,5486106.87,0.00,0.00
1609,5019363.88,0.00,0.00
1610,8266371.73,0.00,0.00
1611,4837195.40,0.00,0.00
1612,8173366.07,0.00,0.00
1613,72362950.33,0.00,0.00
1614,72186897.04,0.00,0.00
1615,5790575.98,0.00,0.00
1616,8328564.41,0.00,0.00
1617,5569998.98,0.00,0.00
1618,5129811.29,0.00,0.00
1619,74038433.79,0.00,0.00
1620,73875670.43,0.00,0.00
1621,4960204.36,0.00,0.00
1622,5482378.24,0.00,0.00
1623,72431912.18,0.00,0.00
1624,4883498.67,0.00,0.00
1625,5419471.74,0.00,0.00
1626,8577096.70,0.00,0.00
1627,4784343.48,0.00,0.00
1628,5307922.36,0.00,0.00
1629,8402744.77,0.00,0.00
1630,4659696.58,0.00,0.00
1631,8279381.99,0.00,0.00
1632,8173220.16,0.00,0.00
1633,81347661.26,0.00,0.00
1634,5581765.89,0.00,0.00
1635,81247575.52,0.00,0.00
1636,4864163.40,0.00,0.00
1637,73297585.96,0.00,0.00
1638,81238889.93,0.00,0.00
1639,73131482.84,0.00,0.00
1640,4791869.40,0.00,0.00
1641,5596340.66,0.00,0.00
1642,8405852.32,0.00,0.00
1643,5502305.27,0.00,0.00
1644,4721815.35,0.00,0.00
1645,5327514.65,0.00,0.00
1646,4538650.04,0.00,0.00
1647,4412289.86,0.00,0.00
1648,5225992.68,0.00,0.00
1649,82254710.91,0.00,0.00
1650,81831431.87,0.00,0.00
1651,73620940.69,0.00,0.00
1652,82228377.10,0.00,0.00
1653,11280410.77,0.00,0.00
1654,81819532.16,0.00,0.00
1655,73571691.27,0.00,0.00
1656,11126915.22,0.00,0.00
1657,5391504.53,0.00,0.00
1658,10943960.43,0.00,0.00
1659,4702718.97,0.00,0.00
1660,4490029.34,0.00,0.00
1661,5350518.94,0.00,0.00
1662,10839431.52,0.00,0.00
1663,9546924.35,0.00,0.00
1664,73729607.11,0.00,0.00
1665,4394982.81,0.00,0.00
1666,5244454.86,0.00,0.00
1667,9336278.92,0.00,0.00
1668,5049409.87,0.00,0.00
1669,4263127.09,0.00,0.00
1670,9195596.93,0.00,0.00
1671,4821308.61,0.00,0.00
1672,4084694.62,0.00,0.00
1673,11100514.65,0.00,0.00
1674,9064716.34,0.00,0.00
1675,5117797.85,0.00,0.00
1676,74431189.78,0.00,0.00
1677,11292882.44,0.00,0.00
1678,4394531.49,0.00,0.00
1679,74261404.75,0.00,0.00
1680,9394109.25,0.00,0.00
1681,11185052.63,0.00,0.00
1682,4313148.26,0.00,0.00
1683,5131152.87,0.00,0.00
1684,84026686.43,0.00,0.00
1685,11059883.83,0.00,0.00
1686,4130552.05,0.00,0.00
1687,83491477.97,0.00,0.00
1688,4999935.87,0.00,0.00
1689,84007496.36,0.00,0.00
1690,10982339.38,0.00,0.00
1691,83512904.41,0.00,0.00
1692,9589549.54,0.00,0.00
1693,4888760.81,0.00,0.00
1694,83416289.81,0.00,0.00
1695,9343108.65,0.00,0.00
1696,84004346.37,0.00,0.00
1697,78371981.38,0.00,0.00
1698,4790347.81,0.00,0.00
1699,9269939.90,0.00,0.00
1700,78216445.21,0.00,0.00
1701,4433830.02,0.00,0.00
1702,11236678.12,0.00,0.00
1703,9192024.47,0.00,0.00
1704,4357060.19,0.00,0.00
1705,4922261.00,0.00,0.00
1706,78401414.39,0.00,0.00
1707,4897310.50,0.00,0.00
1708,11418630.84,0.00,0.00
1709,9430823.80,0.00,0.00
1710,4604830.27,0.00,0.00
1711,11245028.50,0.00,0.00
1712,4812890.53,0.00,0.00
1713,11102772.71,0.00,0.00
1714,4696157.69,0.00,0.00
1715,4524822.24,0.00,0.00
1716,85141328.81,0.00,0.00
1717,10991695.40,0.00,0.00
1718,4432549.48,0.00,0.00
1719,9670381.55,0.00,0.00
1720,78968344.69,0.00,0.00
1721,85143598.32,0.00,0.00
1722,4664543.63,0.00,0.00
1723,9460949.90,0.00,0.00
1724,4262198.69,0.00,0.00
1725,78814184.43,0.00,0.00
1726,4138348.82,0.00,0.00
1727,9379340.65,0.00,0.00
1728,11148070.34,0.00,0.00
1729,4737120.63,0.00,0.00
1730,9276248.69,0.00,0.00
1731,4598363.88,0.00,0.00
1732,4458745.96,0.00,0.00
1733,4329965.83,0.00,0.00
1734,11365085.84,0.00,0.00
1735,4275180.58,0.00,0.00
1736,4141199.59,0.00,0.00
1737,11222131.49,0.00,0.00
1738,3967373.37,0.00,0.00
1739,9525685.79,0.00,0.00
1740,4161798.24,0.00,0.00
1741,3768001.32,0.00,0.00
1742,11115360.50,0.00,0.00
1743,3694029.81,0.00,0.00
1744,11010782.00,0.00,0.00
1745,9698684.69,0.00,0.00
1746,77886555.43,0.00,0.00
1747,4450873.85,0.00,0.00
1748,9558128.12,0.00,0.00
1749,77784945.25,0.00,0.00
1750,4247516.63,0.00,0.00
1751,11170654.54,0.00,0.00
1752,9437661.89,0.00,0.00
1753,86916477.44,0.00,0.00
1754,3994293.21,0.00,0.00
1755,4176544.67,0.00,0.00
1756,86802391.29,0.00,0.00
1757,9338117.84,0.00,0.00
1758,86727254.87,0.00,0.00
1759,4034578.32,0.00,0.00
1760,3896698.71,0.00,0.00
1761,78043357.61,0.00,0.00
1762,3741055.73,0.00,0.00
1763,3902550.46,0.00,0.00
1764,77898422.24,0.00,0.00
1765,3669215.92,0.00,0.00
1766,77697761.30,0.00,0.00
1767,9625457.29,0.00,0.00
1768,3539385.56,0.00,0.00
1769,4105432.27,0.00,0.00
1770,3922253.37,0.00,0.00
1771,12104310.51,0.00,0.00
1772,88080809.83,0.00,0.00
1773,3788960.93,0.00,0.00
1774,11923614.50,0.00,0.00
1775,9829346.18,0.00,0.00
1776,78111775.88,0.00,0.00
1777,3659736.16,0.00,0.00
1778,88086583.61,0.00,0.00
1779,11825537.44,0.00,0.00
1780,3880863.90,0.00,0.00
1781,9753934.62,0.00,0.00
1782,77910495.04,0.00,0.00
1783,3682502.03,0.00,0.00
1784,9572403.67,0.00,0.00
1785,3596030.71,0.00,0.00
1786,11666529.42,0.00,0.00
1787,3493277.31,0.00,0.00
1788,9467041.02,0.00,0.00
1789,3372339.49,0.00,0.00
1790,78063709.50,0.00,0.00
1791,3278235.67,0.00,0.00
1792,11879857.78,0.00,0.00
1793,3816508.53,0.00,0.00
1794,9607433.80,0.00,0.00
1795,3663979.77,0.00,0.00
1796,3550055.98,0.00,0.00
1797,12103575.47,0.00,0.00
1798,3386565.45,0.00,0.00
1799,3628922.46,0.00,0.00
1800,3163961.17,0.00,0.00
1801,11940817.59,0.00,0.00
1802,3396139.38,0.00,0.00
1803,83479930.16,0.00,0.00
1804,3177669.29,0.00,0.00
1805,83293313.74,0.00,0.00
1806,11849323.03,0.00,0.00
1807,2987888.10,0.00,0.00
1808,11730795.15,0.00,0.00
1809,2863714.22,0.00,0.00
1810,79161712.17,0.00,0.00
1811,3454295.40,0.00,0.00
1812,10438652.52,0.00,0.00
1813,89917345.76,0.00,0.00
1814,10209276.20,0.00,0.00
1815,83491810.80,0.00,0.00
1816,78982203.25,0.00,0.00
1817,89840834.38,0.00,0.00
1818,3297349.69,0.00,0.00
1819,83353299.14,0.00,0.00
1820,89726929.43,0.00,0.00
1821,10137483.36,0.00,0.00
1822,3117239.00,0.00,0.00
1823,11961217.64,0.00,0.00
1824,83211918.83,0.00,0.00
1825,3066455.60,0.00,0.00
1826,2964931.01,0.00,0.00
1827,10034535.41,0.00,0.00
1828,2848652.12,0.00,0.00
1829,2833620.07,0.00,0.00
1830,2679021.36,0.00,0.00
1831,2473093.75,0.00,0.00
1832,12205367.33,0.00,0.00
1833,2355312.11,0.00,0.00
1834,12056012.63,0.00,0.00
1835,10306898.83,0.00,0.00
1836,2992061.14,0.00,0.00
1837,11865925.31,0.00,0.00
1838,2801546.34,0.00,0.00
1839,11741405.49,0.00,0.00
1840,2712931.63,0.00,0.00
1841,10501464.61,0.00,0.00
1842,91483332.63,0.00,0.00
1843,11654222.01,0.00,0.00
1844,2721923.11,0.00,0.00
1845,10329194.07,0.00,0.00
1846,2474260.57,0.00,0.00
1847,91461911.44,0.00,0.00
1848,2269089.70,0.00,0.00
1849,10210524.08,0.00,0.00
1850,2084990.50,0.00,0.00
1851,3018848.42,0.00,0.00
1852,11872980.36,0.00,0.00
1853,10128480.20,0.00,0.00
1854,1989841.94,0.00,0.00
1855,11676494.36,0.00,0.00
1856,2906130.79,0.00,0.00
1857,11565511.94,0.00,0.00
1858,10279809.00,0.00,0.00
1859,11468548.54,0.00,0.00
1860,2146098.85,0.00,0.00
1861,3091819.52,0.00,0.00
1862,1963871.48,0.00,0.00
1863,1780004.98,0.00,0.00
1864,3028397.08,0.00,0.00
1865,10500491.62,0.00,0.00
1866,11668557.41,0.00,0.00
1867,2833871.60,0.00,0.00
1868,1678218.60,0.00,0.00
1869,10305187.46,0.00,0.00
1870,1558001.28,0.00,0.00
1871,2734169.24,0.00,0.00
1872,10231102.94,0.00,0.00
1873,2598609.21,0.00,0.00
1874,10094847.44,0.00,0.00
1875,93226134.78,0.00,0.00
1876,11957414.39,0.00,0.00
1877,11728675.60,0.00,0.00
1878,93238861.80,0.00,0.00
1879,1812440.87,0.00,0.00
1880,82689489.84,0.00,0.00
1881,11635886.67,0.00,0.00
1882,2792653.32,0.00,0.00
1883,93209378.72,0.00,0.00
1884,1647428.99,0.00,0.00
1885,82516848.33,0.00,0.00
1886,10323638.44,0.00,0.00
1887,1421280.38,0.00,0.00
1888,2615626.10,0.00,0.00
1889,11508770.23,0.00,0.00
1890,1301455.97,0.00,0.00
1891,2469991.45,0.00,0.00
1892,2267336.37,0.00,0.00
1893,82672879.70,0.00,0.00
1894,1227812.53,0.00,0.00
1895,10554587.84,0.00,0.00
1896,11735285.52,0.00,0.00
1897,2169982.67,0.00,0.00
1898,10435424.80,0.00,0.00
1899,94451830.63,0.00,0.00
1900,87868871.93,0.00,0.00
1901,10333200.69,0.00,0.00
1902,1418758.39,0.00,0.00
1903,82916126.49,0.00,0.00
1904,94478875.40,0.00,0.00
1905,87720570.09,0.00,0.00
1906,2343087.91,0.00,0.00
1907,1225674.39,0.00,0.00
1908,11924779.18,0.00,0.00
1909,10253855.47,0.00,0.00
1910,11723375.08,0.00,0.00
1911,82808954.00,0.00,0.00
1912,1132053.38,0.00,0.00
1913,11548364.88,0.00,0.00
1914,2306604.62,0.00,0.00
1915,908484.70,0.00,0.00
1916,755209.45,0.00,0.00
1917,87905989.89,0.00,0.00
1918,11450642.59,0.00,0.00
1919,2243066.55,0.00,0.00
1920,2046090.36,0.00,0.00
1921,10511207.10,0.00,0.00
1922,1957191.94,0.00,0.00
1923,11574910.88,0.00,0.00
1924,917539.83,0.00,0.00
1925,714697.36,0.00,0.00
1926,10696462.87,0.00,0.00
1927,88357275.01,0.00,0.00
1928,623586.89,0.00,0.00
1929,88190904.86,0.00,0.00
1930,10582366.70,0.00,0.00
1931,2158372.16,0.00,0.00
1932,11768437.62,0.00,0.00
1933,457820.89,0.00,0.00
1934,10354293.82,0.00,0.00
1935,11616457.94,0.00,0.00
1936,2088632.35,0.00,0.00
1937,10233697.18,0.00,0.00
1938,1878899.81,0.00,0.00
1939,448603.15,0.00,0.00
1940,11528399.23,0.00,0.00
1941,1687093.26,0.00,0.00
1942,96329980.37,0.00,0.00
1943,11396238.09,0.00,0.00
1944,1544454.10,0.00,0.00
1945,96267408.13,0.00,0.00
1946,10464009.76,0.00,0.00
1947,96237449.88,0.00,0.00
1948,11477488.04,0.00,0.00
1949,870075.46,0.00,0.00
1950,653780.70,0.00,0.00
1951,1797267.20,0.00,0.00
1952,501775.74,0.00,0.00
1953,1638631.82,0.00,0.00
1954,10740463.73,0.00,0.00
1955,1485063.79,0.00,0.00
1956,11706596.61,0.00,0.00
1957,10575534.82,0.00,0.00
1958,483719.11,0.00,0.00
1959,1331425.91,0.00,0.00
1960,11498751.40,0.00,0.00
1961,10484909.53,0.00,0.00
1962,1184184.07,0.00,0.00
1963,11370352.51,0.00,0.00
1964,10327799.56,0.00,0.00
1965,508558.99,0.00,0.00
1966,97213374.38,0.00,0.00
1967,11298926.59,0.00,0.00
1968,97884597.78,0.00,0.00
1969,97197862.15,0.00,0.00
1970,1360505.34,0.00,0.00
1971,97886357.78,0.00,0.00
1972,1201856.37,0.00,0.00
1973,11415706.87,0.00,0.00
1974,10632241.73,0.00,0.00
1975,1068878.89,0.00,0.00
1976,942289.83,0.00,0.00
1977,928619.86,0.00,0.00
1978,907986.64,0.00,0.00
1979,11635536.43,0.00,0.00
1980,10819757.22,0.00,0.00
1981,857100.96,0.00,0.00
1982,11440266.85,0.00,0.00
1983,830765.49,0.00,0.00
1984,10641884.57,0.00,0.00
1985,11334547.28,0.00,0.00
1986,10543690.68,0.00,0.00
1987,87322247.74,0.00,0.00
1988,11187435.87,0.00,0.00
1989,10407358.88,0.00,0.00
1990,87154742.00,0.00,0.00
1991,1207220.55,0.00,0.00
1992,11096450.09,0.00,0.00
1993,1134469.99,0.00,0.00
1994,990764.38,0.00,0.00
1995,1177955.15,0.00,0.00
1996,87272835.02,0.00,0.00
1997,10614530.32,0.00,0.00
1998,1002044.92,0.00,0.00
1999,87068172.22,0.00,0.00
2000,99035834.31,0.00,0.00
2001,818969.73,0.00,0.00
2002,99636384.25,0.00,0.00
2003,86843410.97,0.00,0.00
2004,11343255.28,0.00,0.00
2005,98946454.05,0.00,0.00
2006,11066620.35,0.00,0.00
2007,670186.04,0.00,0.00
2008,1190718.65,0.00,0.00
2009,99647390.37,0.00,0.00
2010,86752873.90,0.00,0.00
2011,98938351.39,0.00,0.00
2012,10965446.47,0.00,0.00
2013,1033110.62,0.00,0.00
2014,10870788.81,0.00,0.00
2015,92819409.61,0.00,0.00
2016,86607890.61,0.00,0.00
2017,99651851.18,0.00,0.00
2018,10828268.53,0.00,0.00
2019,926486.25,0.00,0.00
2020,10717293.26,0.00,0.00
2021,92690245.39,0.00,0.00
2022,10592323.78,0.00,0.00
2023,1064204.93,0.00,0.00
2024,10923795.46,0.00,0.00
2025,86780318.02,0.00,0.00
2026,872118.23,0.00,0.00
2027,10472838.16,0.00,0.00
2028,92809991.12,0.00,0.00
2029,1162600.52,0.00,0.00
2030,673930.64,0.00,0.00
2031,1040126.32,0.00,0.00
2032,11110303.88,0.00,0.00
2033,10653925.66,0.00,0.00
2034,10937508.82,0.00,0.00
2035,87257561.45,0.00,0.00
2036,1219488.38,0.00,0.00
2037,10821778.30,0.00,0.00
2038,87071043.49,0.00,0.00
2039,1010626.79,0.00,0.00
2040,10677774.19,0.00,0.00
2041,93477750.54,0.00,0.00
2042,10871751.79,0.00,0.00
2043,870432.38,0.00,0.00
2044,93253311.87,0.00,0.00
2045,1467767.48,0.00,0.00
2046,10731021.88,0.00,0.00
2047,729529.38,0.00,0.00
2048,93112355.71,0.00,0.00
2049,547522.07,0.00,0.00
2050,1402688.74,0.00,0.00
2051,10661501.65,0.00,0.00
2052,10941477.54,0.00,0.00
2053,93028378.49,0.00,0.00
2054,87516227.01,0.00,0.00
2055,10550633.67,0.00,0.00
2056,87260835.41,0.00,0.00
2057,10374543.19,0.00,0.00
2058,1570957.18,0.00,0.00
2059,1373658.42,0.00,0.00
2060,93215815.31,0.00,0.00
2061,11159129.86,0.00,0.00
2062,1000762.46,0.00,0.00
2063,87427642.11,0.00,0.00
2064,1211709.02,0.00,0.00
2065,10980550.77,0.00,0.00
2066,786183.36,0.00,0.00
2067,10637127.40,0.00,0.00
2068,1018071.41,0.00,0.00
2069,87276324.99,0.00,0.00
2070,10854585.65,0.00,0.00
2071,644556.76,0.00,0.00
2072,10439884.90,0.00,0.00
2073,87099586.73,0.00,0.00
2074,10696169.85,0.00,0.00
2075,930901.77,0.00,0.00
2076,10276988.27,0.00,0.00
2077,492426.16,0.00,0.00
2078,10154362.20,0.00,0.00
2079,93693865.54,0.00,0.00
2080,552785.87,0.00,0.00
2081,93516961.57,0.00,0.00
2082,1108214.38,0.00,0.00
2083,10909324.65,0.00,0.00
2084,910199.40,0.00,0.00
2085,87649674.42,0.00,0.00
2086,10410767.32,0.00,0.00
2087,778182.27,0.00,0.00
2088,87489063.98,0.00,0.00
2089,11065663.58,0.00,0.00
2090,729900.60,0.00,0.00
2091,10884824.75,0.00,0.00
2092,958724.74,0.00,0.00
2093,716145.75,0.00,0.00
2094,10786168.34,0.00,0.00
2095,10690114.26,0.00,0.00
2096,87634382.96,0.00,0.00
2097,576222.66,0.00,0.00
2098,10464218.14,0.00,0.00
2099,812661.89,0.00,0.00
2100,103655053.62,0.00,0.00
2101,10688690.19,0.00,0.00
2102,103499397.28,0.00,0.00
2103,104346159.22,0.00,0.00
2104,10337235.45,0.00,0.00
2105,514975.55,0.00,0.00
2106,104332663.06,0.00,0.00
2107,10262931.82,0.00,0.00
2108,10805626.15,0.00,0.00
2109,87871847.39,0.00,0.00
2110,513748.65,0.00,0.00
2111,87654298.31,0.00,0.00
2112,1168648.96,0.00,0.00
2113,10350548.27,0.00,0.00
2114,1116010.19,0.00,0.00
2115,10991650.58,0.00,0.00
2116,937074.42,0.00,0.00
2117,10890669.58,0.00,0.00
2118,769846.92,0.00,0.00
2119,10723003.15,0.00,0.00
2120,1014532.09,0.00,0.00
2121,10620422.84,0.00,0.00
2122,10418958.43,0.00,0.00
2123,714168.31,0.00,0.00
2124,10640069.01,0.00,0.00
2125,984020.95,0.00,0.00
2126,10306204.32,0.00,0.00
2127,871757.75,0.00,0.00
2128,10225455.28,0.00,0.00
2129,742342.95,0.00,0.00
2130,105229413.27,0.00,0.00
2131,10876951.69,0.00,0.00
2132,1083462.48,0.00,0.00
2133,105074600.22,0.00,0.00
2134,656390.67,0.00,0.00
2135,10328266.14,0.00,0.00
2136,908108.00,0.00,0.00
2137,104942337.04,0.00,0.00
2138,106300373.32,0.00,0.00
2139,803111.55,0.00,0.00
2140,11072095.87,0.00,0.00
2141,106231214.76,0.00,0.00
2142,10891709.57,0.00,0.00
2143,106092504.26,0.00,0.00
2144,747247.46,0.00,0.00
2145,10554875.61,0.00,0.00
2146,1011653.90,0.00,0.00
2147,10773588.90,0.00,0.00
2148,825017.21,0.00,0.00
2149,10464740.28,0.00,0.00
2150,10673723.70,0.00,0.00
2151,738851.31,0.00,0.00
2152,10378735.30,0.00,0.00
2153,753904.82,0.00,0.00
2154,575752.02,0.00,0.00
2155,10266377.93,0.00,0.00
2156,98108218.91,0.00,0.00
2157,10942810.30,0.00,0.00
2158,10130723.00,0.00,0.00
2159,586577.42,0.00,0.00
2160,97899009.47,0.00,0.00
2161,1265955.92,0.00,0.00
2162,1075420.86,0.00,0.00
2163,106532348.87,0.00,0.00
2164,10323272.94,0.00,0.00
2165,11159213.30,0.00,0.00
2166,98086001.40,0.00,0.00
2167,953156.47,0.00,0.00
2168,106485188.01,0.00,0.00
2169,10220708.61,0.00,0.00
2170,882208.59,0.00,0.00
2171,11067166.33,0.00,0.00
2172,10817103.39,0.00,0.00
2173,687724.59,0.00,0.00
2174,860542.54,0.00,0.00
2175,10131612.78,0.00,0.00
2176,521554.23,0.00,0.00
2177,10709221.60,0.00,0.00
2178,9995043.75,0.00,0.00
2179,859623.91,0.00,0.00
2180,510526.18,0.00,0.00
2181,98581099.51,0.00,0.00
2182,10865955.35,0.00,0.00
2183,10118400.57,0.00,0.00
2184,92201565.98,0.00,0.00
2185,98415435.79,0.00,0.00
2186,91981056.21,0.00,0.00
2187,592588.42,0.00,0.00
2188,1087353.23,0.00,0.00
2189,897829.77,0.00,0.00
2190,11080305.58,0.00,0.00
2191,729056.36,0.00,0.00
2192,10328238.73,0.00,0.00
2193,10899713.52,0.00,0.00
2194,92119712.83,0.00,0.00
2195,10229745.86,0.00,0.00
2196,10708763.60,0.00,0.00
2197,739568.23,0.00,0.00
2198,954338.07,0.00,0.00
2199,10008093.12,0.00,0.00
2200,10642192.60,0.00,0.00
2201,9889713.76,0.00,0.00
2202,108266490.70,0.00,0.00
2203,943931.34,0.00,0.00
2204,840707.54,0.00,0.00
2205,108089728.12,0.00,0.00
2206,819763.90,0.00,0.00
2207,10039020.78,0.00,0.00
2208,10845228.43,0.00,0.00
2209,659776.21,0.00,0.00
2210,108045757.77,0.00,0.00
2211,1063460.83,0.00,0.00
2212,651479.96,0.00,0.00
2213,870981.93,0.00,0.00
2214,10208220.48,0.00,0.00
2215,93197684.76,0.00,0.00
2216,744812.49,0.00,0.00
2217,93005393.27,0.00,0.00
2218,10089108.94,0.00,0.00
2219,110718458.18,0.00,0.00
2220,11376509.43,0.00,0.00
2221,900448.80,0.00,0.00
2222,9998801.47,0.00,0.00
2223,803193.33,0.00,0.00
2224,110630927.56,0.00,0.00
2225,693189.86,0.00,0.00
2226,11300192.83,0.00,0.00
2227,9853292.47,0.00,0.00
2228,539542.91,0.00,0.00
2229,11182951.45,0.00,0.00
2230,812832.83,0.00,0.00
2231,109172735.69,0.00,0.00
2232,11056415.32,0.00,0.00
2233,9961092.23,0.00,0.00
2234,585287.09,0.00,0.00
2235,109108985.66,0.00,0.00
2236,529087.78,0.00,0.00
2237,1064192.53,0.00,0.00
2238,907226.32,0.00,0.00
2239,11281131.03,0.00,0.00
2240,10180928.47,0.00,0.00
2241,9960827.11,0.00,0.00
2242,882191.90,0.00,0.00
2243,9759288.07,0.00,0.00
2244,887364.63,0.00,0.00
2245,11487484.93,0.00,0.00
2246,9636236.19,0.00,0.00
2247,822910.07,0.00,0.00
2248,683831.21,0.00,0.00
2249,11389317.27,0.00,0.00
2250,558374.64,0.00,0.00
2251,778736.59,0.00,0.00
2252,112334896.56,0.00,0.00
2253,11276028.39,0.00,0.00
2254,9838977.34,0.00,0.00
2255,112211060.29,0.00,0.00
2256,539187.67,0.00,0.00
2257,11162275.79,0.00,0.00
2258,102878767.97,0.00,0.00
2259,112137107.61,0.00,0.00
2260,10967817.78,0.00,0.00
2261,110719510.79,0.00,0.00
2262,585693.60,0.00,0.00
2263,102791562.80,0.00,0.00
2264,110679423.81,0.00,0.00
2265,110550059.08,0.00,0.00
2266,11157478.81,0.00,0.00
2267,10356652.26,0.00,0.00
2268,1524859.91,0.00,0.00
2269,102954926.25,0.00,0.00
2270,1287134.65,0.00,0.00
2271,10156260.25,0.00,0.00
2272,11054952.62,0.00,0.00
2273,1118868.35,0.00,0.00
2274,971227.41,0.00,0.00
2275,10040992.26,0.00,0.00
2276,10922233.58,0.00,0.00
2277,924538.85,0.00,0.00
2278,9897298.34,0.00,0.00
2279,874558.21,0.00,0.00
2280,10797356.84,0.00,0.00
2281,748269.32,0.00,0.00
2282,103212867.50,0.00,0.00
2283,739299.77,0.00,0.00
2284,103022553.92,0.00,0.00
2285,622970.10,0.00,0.00
2286,10123994.59,0.00,0.00
2287,11033758.88,0.00,0.00
2288,567111.73,0.00,0.00
2289,1132114.89,0.00,0.00
2290,961939.33,0.00,0.00
2291,97574836.73,0.00,0.00
2292,10355164.29,0.00,0.00
2293,857753.28,0.00,0.00
2294,97364238.02,0.00,0.00
2295,11245620.73,0.00,0.00
2296,10127531.53,0.00,0.00
2297,783080.10,0.00,0.00
2298,11159860.85,0.00,0.00
2299,10027319.67,0.00,0.00
2300,1016861.44,0.00,0.00
2301,11022240.16,0.00,0.00
2302,830742.60,0.00,0.00
2303,97530628.92,0.00,0.00
2304,730604.17,0.00,0.00
2305,9936814.55,0.00,0.00
2306,97330324.41,0.00,0.00
2307,10874449.49,0.00,0.00
2308,719680.07,0.00,0.00
2309,97127572.77,0.00,0.00
2310,499990.94,0.00,0.00
2311,9997160.43,0.00,0.00
2312,1059904.58,0.00,0.00
2313,602893.83,0.00,0.00
2314,11191220.52,0.00,0.00
2315,839844.94,0.00,0.00
2316,10204337.60,0.00,0.00
2317,708834.89,0.00,0.00
2318,115728323.22,0.00,0.00
2319,10014725.92,0.00,0.00
2320,11333256.01,0.00,0.00
2321,115635176.66,0.00,0.00
2322,9883731.60,0.00,0.00
2323,741647.96,0.00,0.00
2324,1009659.53,0.00,0.00
2325,11200491.43,0.00,0.00
2326,9800875.19,0.00,0.00
2327,820612.91,0.00,0.00
2328,11019460.20,0.00,0.00
2329,808858.16,0.00,0.00
2330,9709429.26,0.00,0.00
2331,692836.05,0.00,0.00
2332,10908555.03,0.00,0.00
2333,529677.39,0.00,0.00
2334,519653.08,0.00,0.00
2335,1051873.45,0.00,0.00
2336,9909863.95,0.00,0.00
2337,11126600.74,0.00,0.00
2338,866154.43,0.00,0.00
2339,9749594.69,0.00,0.00
2340,115126347.54,0.00,0.00
2341,9609662.77,0.00,0.00
2342,806895.49,0.00,0.00
2343,115021166.09,0.00,0.00
2344,9500819.92,0.00,0.00
2345,963423.01,0.00,0.00
2346,757661.34,0.00,0.00
2347,117347949.74,0.00,0.00
2348,9609390.97,0.00,0.00
2349,107391345.74,0.00,0.00
2350,692362.31,0.00,0.00
2351,107201241.97,0.00,0.00
2352,117299747.47,0.00,0.00
2353,478938.82,0.00,0.00
2354,1312296.87,0.00,0.00
2355,12030214.79,0.00,0.00
2356,117233247.76,0.00,0.00
2357,11831268.55,0.00,0.00
2358,1236088.99,0.00,0.00
2359,9806942.46,0.00,0.00
2360,543379.55,0.00,0.00
2361,11744749.78,0.00,0.00
2362,107395858.76,0.00,0.00
2363,9711462.97,0.00,0.00
2364,11628666.88,0.00,0.00
2365,9560480.12,0.00,0.00
2366,1469406.84,0.00,0.00
2367,1237317.80,0.00,0.00
2368,9455699.44,0.00,0.00
2369,860097.65,0.00,0.00
2370,1082459.69,0.00,0.00
2371,11762038.71,0.00,0.00
2372,659097.91,0.00,0.00
2373,876472.95,0.00,0.00
2374,118014156.58,0.00,0.00
2375,116743057.49,0.00,0.00
2376,481601.72,0.00,0.00
2377,107931316.14,0.00,0.00
2378,116585196.50,0.00,0.00
2379,754230.50,0.00,0.00
2380,107711457.49,0.00,0.00
2381,117956372.50,0.00,0.00
2382,9657222.03,0.00,0.00
2383,101702265.98,0.00,0.00
2384,11929702.52,0.00,0.00
2385,523075.58,0.00,0.00
2386,116516668.56,0.00,0.00
2387,101514832.26,0.00,0.00
2388,11757492.78,0.00,0.00
2389,11621243.00,0.00,0.00
2390,606704.24,0.00,0.00
2391,9865257.74,0.00,0.00
2392,1096331.12,0.00,0.00
2393,9678457.26,0.00,0.00
2394,939793.83,0.00,0.00
2395,101654277.09,0.00,0.00
2396,11577221.39,0.00,0.00
2397,9600193.50,0.00,0.00
2398,821357.01,0.00,0.00
2399,9480125.90,0.00,0.00
2400,747286.80,0.00,0.00
2401,986242.29,0.00,0.00
2402,11752740.86,0.00,0.00
2403,763804.44,0.00,0.00
2404,102044034.24,0.00,0.00
2405,738957.88,0.00,0.00
2406,595856.19,0.00,0.00
2407,101842226.03,0.00,0.00
2408,9660563.95,0.00,0.00
2409,470127.58,0.00,0.00
2410,11950737.24,0.00,0.00
2411,119600653.41,0.00,0.00
2412,11760061.03,0.00,0.00
2413,11571603.06,0.00,0.00
2414,119511873.01,0.00,0.00
2415,605456.59,0.00,0.00
2416,9846283.91,0.00,0.00
2417,11415062.90,0.00,0.00
2418,1201144.70,0.00,0.00
2419,9618038.89,0.00,0.00
2420,119453524.11,0.00,0.00
2421,1055263.76,0.00,0.00
2422,9505062.34,0.00,0.00
2423,875603.20,0.00,0.00
2424,796699.29,0.00,0.00
2425,11534615.99,0.00,0.00
2426,9383618.83,0.00,0.00
2427,736497.40,0.00,0.00
2428,9251354.46,0.00,0.00
2429,742340.33,0.00,0.00
2430,583802.22,0.00,0.00
2431,754471.06,0.00,0.00
2432,11756385.09,0.00,0.00
2433,451379.78,0.00,0.00
2434,11536051.75,0.00,0.00
2435,9465445.04,0.00,0.00
2436,11432630.30,0.00,0.00
2437,9310191.39,0.00,0.00
2438,1051135.78,0.00,0.00
2439,585125.45,0.00,0.00
2440,11269318.10,0.00,0.00
2441,9170722.01,0.00,0.00
2442,985236.41,0.00,0.00
2443,11140873.91,0.00,0.00
2444,9050897.84,0.00,0.00
2445,858253.48,0.00,0.00
2446,770337.82,0.00,0.00
2447,990612.51,0.00,0.00
2448,11342919.59,0.00,0.00
2449,9269807.34,0.00,0.00
2450,925201.42,0.00,0.00
2451,831975.22,0.00,0.00
2452,112218017.82,0.00,0.00
2453,11337388.99,0.00,0.00
2454,111999090.67,0.00,0.00
2455,828207.73,0.00,0.00
2456,121062767.03,0.00,0.00
2457,11136339.90,0.00,0.00
2458,688043.36,0.00,0.00
2459,9499734.88,0.00,0.00
2460,11016365.05,0.00,0.00
2461,120988380.67,0.00,0.00
2462,122065467.83,0.00,0.00
2463,9289141.65,0.00,0.00
2464,1056601.29,0.00,0.00
2465,601839.78,0.00,0.00
2466,112218779.56,0.00,0.00
2467,861369.85,0.00,0.00
2468,121976297.38,0.00,0.00
2469,9178457.74,0.00,0.00
2470,9064912.80,0.00,0.00
2471,793897.39,0.00,0.00
2472,11285838.84,0.00,0.00
2473,710359.33,0.00,0.00
2474,931607.25,0.00,0.00
2475,697370.29,0.00,0.00
2476,11426697.25,0.00,0.00
2477,9289321.90,0.00,0.00
2478,759733.44,0.00,0.00
2479,635884.05,0.00,0.00
2480,112817081.45,0.00,0.00
2481,11245672.94,0.00,0.00
2482,106386122.70,0.00,0.00
2483,112603991.99,0.00,0.00
2484,106169812.68,0.00,0.00
2485,552979.71,0.00,0.00
2486,11146233.80,0.00,0.00
2487,112497510.43,0.00,0.00
2488,10969182.97,0.00,0.00
2489,9502652.65,0.00,0.00
2490,112288743.02,0.00,0.00
2491,9327566.86,0.00,0.00
2492,577546.36,0.00,0.00
2493,9120351.79,0.00,0.00
2494,106375999.69,0.00,0.00
2495,1208383.32,0.00,0.00
2496,122624808.31,0.00,0.00
2497,1000814.44,0.00,0.00
2498,11110207.08,0.00,0.00
2499,9055847.88,0.00,0.00
2500,112451931.00,0.00,0.00
2501,122516862.87,0.00,0.00
2502,885761.26,0.00,0.00
2503,112245284.32,0.00,0.00
2504,122306444.17,0.00,0.00
2505,837002.99,0.00,0.00
2506,737907.89,0.00,0.00
2507,112055794.95,0.00,0.00
2508,123925300.84,0.00,0.00
2509,658344.27,0.00,0.00
2510,9184891.94,0.00,0.00
2511,11284347.53,0.00,0.00
2512,11085858.35,0.00,0.00
2513,574135.54,0.00,0.00
2514,123868831.16,0.00,0.00
2515,106910884.14,0.00,0.00
2516,811006.07,0.00,0.00
2517,123679297.92,0.00,0.00
2518,106725376.61,0.00,0.00
2519,438168.05,0.00,0.00
2520,11022903.20,0.00,0.00
2521,9393314.84,0.00,0.00
2522,10873165.13,0.00,0.00
2523,9230626.11,0.00,0.00
2524,496544.84,0.00,0.00
2525,1034310.10,0.00,0.00
2526,9074780.23,0.00,0.00
2527,847553.73,0.00,0.00
2528,8981025.93,0.00,0.00
2529,11104037.28,0.00,0.00
2530,768495.56,0.00,0.00
2531,9044058.32,0.00,0.00
2532,939376.83,0.00,0.00
2533,124548451.66,0.00,0.00
2534,11295532.23,0.00,0.00
2535,763720.04,0.00,0.00
2536,124427948.71,0.00,0.00
2537,11104339.60,0.00,0.00
2538,628808.26,0.00,0.00
2539,1196146.97,0.00,0.00
2540,433582.31,0.00,0.00
2541,9217380.76,0.00,0.00
2542,11022784.95,0.00,0.00
2543,1103882.31,0.00,0.00
2544,10882715.23,0.00,0.00
2545,9126023.77,0.00,0.00
2546,9007513.52,0.00,0.00
2547,570441.25,0.00,0.00
2548,11035398.01,0.00,0.00
2549,8944723.13,0.00,0.00
2550,1426384.69,0.00,0.00
2551,1256652.59,0.00,0.00
2552,791576.39,0.00,0.00
2553,9038008.69,0.00,0.00
2554,621689.56,0.00,0.00
2555,1145087.96,0.00,0.00
2556,11267680.88,0.00,0.00
2557,444274.90,0.00,0.00
2558,938290.12,0.00,0.00
2559,11110819.82,0.00,0.00
2560,768127.68,0.00,0.00
2561,10930913.93,0.00,0.00
2562,9274609.33,0.00,0.00
2563,545958.28,0.00,0.00
2564,10815066.34,0.00,0.00
2565,126142315.39,0.00,0.00
2566,9154765.37,0.00,0.00
2567,126032289.27,0.00,0.00
2568,125941076.52,0.00,0.00
2569,542212.96,0.00,0.00
2570,8997883.32,0.00,0.00
2571,1005885.60,0.00,0.00
2572,125890927.79,0.00,0.00
2573,125826446.53,0.00,0.00
2574,10917877.20,0.00,0.00
2575,8885349.27,0.00,0.00
2576,927017.21,0.00,0.00
2577,728329.18,0.00,0.00
2578,110610646.72,0.00,0.00
2579,843586.21,0.00,0.00
2580,763109.92,0.00,0.00
2581,110484105.11,0.00,0.00
2582,666175.37,0.00,0.00
2583,11179329.87,0.00,0.00
2584,9119770.29,0.00,0.00
2585,10921329.26,0.00,0.00
2586,116651497.84,0.00,0.00
2587,500955.10,0.00,0.00
2588,716043.00,0.00,0.00
2589,116543800.35,0.00,0.00
2590,10831969.50,0.00,0.00
2591,126423881.05,0.00,0.00
2592,496463.30,0.00,0.00
2593,110655812.98,0.00,0.00
2594,10720486.40,0.00,0.00
2595,9300699.95,0.00,0.00
2596,126316386.22,0.00,0.00
2597,9197162.87,0.00,0.00
2598,116700763.23,0.00,0.00
2599,530484.68,0.00,0.00
2600,1022126.44,0.00,0.00
2601,9082028.63,0.00,0.00
2602,849669.69,0.00,0.00
2603,10978342.53,0.00,0.00
2604,680493.35,0.00,0.00
2605,8985897.78,0.00,0.00
2606,127653432.13,0.00,0.00
2607,818542.72,0.00,0.00
2608,747634.17,0.00,0.00
2609,613867.76,0.00,0.00
2610,111371980.19,0.00,0.00
2611,9117329.84,0.00,0.00
2612,11210108.04,0.00,0.00
2613,127518185.85,0.00,0.00
2614,111202616.21,0.00,0.00
2615,10970265.87,0.00,0.00
2616,536588.91,0.00,0.00
2617,127377779.48,0.00,0.00
2618,762744.90,0.00,0.00
2619,10863924.50,0.00,0.00
2620,117604646.21,0.00,0.00
2621,9325682.64,0.00,0.00
2622,10796756.98,0.00,0.00
2623,117417676.21,0.00,0.00
2624,9146498.92,0.00,0.00
2625,111615677.60,0.00,0.00
2626,9027375.22,0.00,0.00
2627,111392363.79,0.00,0.00
2628,1002432.58,0.00,0.00
2629,1201614.62,0.00,0.00
2630,11039303.78,0.00,0.00
2631,8913882.02,0.00,0.00
2632,128182182.55,0.00,0.00
2633,1049357.18,0.00,0.00
2634,948770.52,0.00,0.00
2635,128082292.08,0.00,0.00
2636,962301.97,0.00,0.00
2637,111578634.98,0.00,0.00
2638,772221.57,0.00,0.00
2639,9021022.08,0.00,0.00
2640,127941300.63,0.00,0.00
2641,11212530.37,0.00,0.00
2642,731734.99,0.00,0.00
2643,1227508.78,0.00,0.00
2644,118354936.60,0.00,0.00
2645,11120327.95,0.00,0.00
2646,1039833.31,0.00,0.00
2647,10999470.47,0.00,0.00
2648,118260823.97,0.00,0.00
2649,894051.79,0.00,0.00
2650,9251279.83,0.00,0.00
2651,112007119.66,0.00,0.00
2652,727189.78,0.00,0.00
2653,10925526.86,0.00,0.00
2654,9140399.22,0.00,0.00
2655,111802773.24,0.00,0.00
2656,1085977.32,0.00,0.00
2657,631264.21,0.00,0.00
2658,9008068.32,0.00,0.00
2659,128552454.95,0.00,0.00
2660,118435746.43,0.00,0.00
2661,936340.33,0.00,0.00
2662,8935529.71,0.00,0.00
2663,128452761.17,0.00,0.00
2664,11134361.74,0.00,0.00
2665,913241.39,0.00,0.00
2666,1016068.70,0.00,0.00
2667,9044124.84,0.00,0.00
2668,926177.98,0.00,0.00
2669,849997.28,0.00,0.00
2670,11312026.02,0.00,0.00
2671,118915421.01,0.00,0.00
2672,796974.42,0.00,0.00
2673,112565915.11,0.00,0.00
2674,118732244.49,0.00,0.00
2675,11162259.34,0.00,0.00
2676,761962.89,0.00,0.00
2677,112462176.56,0.00,0.00
2678,11031998.63,0.00,0.00
2679,9284276.72,0.00,0.00
2680,630994.56,0.00,0.00
2681,130721092.46,0.00,0.00
2682,9173442.60,0.00,0.00
2683,10986097.10,0.00,0.00
2684,532994.03,0.00,0.00
2685,130577977.90,0.00,0.00
2686,112651669.98,0.00,0.00
2687,1202218.53,0.00,0.00
2688,9139934.06,0.00,0.00
2689,1013391.73,0.00,0.00
2690,112497227.91,0.00,0.00
2691,8980520.01,0.00,0.00
2692,112296028.61,0.00,0.00
2693,810429.81,0.00,0.00
2694,11217605.83,0.00,0.00
2695,112209429.74,0.00,0.00
2696,941531.18,0.00,0.00
2697,130174254.42,0.00,0.00
2698,9124017.72,0.00,0.00
2699,853343.49,0.00,0.00
2700,112143582.34,0.00,0.00
2701,129982888.94,0.00,0.00
2702,11418551.21,0.00,0.00
2703,864922.52,0.00,0.00
2704,129794492.72,0.00,0.00
2705,11251200.91,0.00,0.00
2706,899316.31,0.00,0.00
2707,772501.71,0.00,0.00
2708,112231680.15,0.00,0.00
2709,9357081.41,0.00,0.00
2710,519971.37,0.00,0.00
2711,11138642.55,0.00,0.00
2712,9182098.15,0.00,0.00
2713,11042528.39,0.00,0.00
2714,9058526.99,0.00,0.00
2715,585795.16,0.00,0.00
2716,1122279.64,0.00,0.00
2717,120830793.38,0.00,0.00
2718,9021159.89,0.00,0.00
2719,112637309.07,0.00,0.00
2720,11183957.10,0.00,0.00
2721,1048810.96,0.00,0.00
2722,120725189.92,0.00,0.00
2723,112428779.60,0.00,0.00
2724,132453341.72,0.00,0.00
2725,895967.72,0.00,0.00
2726,9119678.50,0.00,0.00
2727,132287631.03,0.00,0.00
2728,758193.49,0.00,0.00
2729,132068477.87,0.00,0.00
2730,120815849.30,0.00,0.00
2731,996649.98,0.00,0.00
2732,11402731.42,0.00,0.00
2733,716518.64,0.00,0.00
2734,120603838.92,0.00,0.00
2735,11238444.81,0.00,0.00
2736,120410579.44,0.00,0.00
2737,774228.33,0.00,0.00
2738,656204.94,0.00,0.00
2739,9329841.14,0.00,0.00
2740,11149056.43,0.00,0.00
2741,9161113.74,0.00,0.00
2742,11116548.78,0.00,0.00
2743,9099627.49,0.00,0.00
2744,10917444.23,0.00,0.00
2745,1135436.06,0.00,0.00
2746,9067223.07,0.00,0.00
2747,954028.13,0.00,0.00
2748,1192487.00,0.00,0.00
2749,708396.20,0.00,0.00
2750,959233.05,0.00,0.00
2751,11141226.77,0.00,0.00
2752,133220377.45,0.00,0.00
2753,11012732.98,0.00,0.00
2754,9289952.28,0.00,0.00
2755,706933.50,0.00,0.00
2756,133055942.06,0.00,0.00
2757,10890165.57,0.00,0.00
2758,1248739.96,0.00,0.00
2759,10796634.91,0.00,0.00
2760,844546.79,0.00,0.00
2761,9485573.29,0.00,0.00
2762,1170300.72,0.00,0.00
2763,9316992.04,0.00,0.00
2764,1013436.56,0.00,0.00
2765,10963849.78,0.00,0.00
2766,9229099.99,0.00,0.00
2767,805534.60,0.00,0.00
2768,133559129.71,0.00,0.00
2769,9142541.17,0.00,0.00
2770,1172268.39,0.00,0.00
2771,697990.18,0.00,0.00
2772,9002725.36,0.00,0.00
2773,133452496.05,0.00,0.00
2774,997661.83,0.00,0.00
2775,11197453.74,0.00,0.00
2776,826513.53,0.00,0.00
2777,11006980.66,0.00,0.00
2778,10918556.93,0.00,0.00
2779,9201009.75,0.00,0.00
2780,983259.92,0.00,0.00
2781,882090.09,0.00,0.00
2782,9109147.31,0.00,0.00
2783,10844765.42,0.00,0.00
2784,922153.23,0.00,0.00
2785,134881869.08,0.00,0.00
2786,817123.65,0.00,0.00
2787,9069821.36,0.00,0.00
2788,134676611.66,0.00,0.00
2789,807270.53,0.00,0.00
2790,8903470.99,0.00,0.00
2791,10956894.40,0.00,0.00
2792,134494446.04,0.00,0.00
2793,566110.37,0.00,0.00
2794,531308.17,0.00,0.00
2795,116989953.04,0.00,0.00
2796,11181340.93,0.00,0.00
2797,1270486.12,0.00,0.00
2798,9164846.18,0.00,0.00
2799,116884505.51,0.00,0.00
2800,11042209.15,0.00,0.00
2801,135085080.62,0.00,0.00
2802,1176135.30,0.00,0.00
2803,10930591.11,0.00,0.00
2804,134873543.26,0.00,0.00
2805,961414.10,0.00,0.00
2806,134677633.52,0.00,0.00
2807,125015067.58,0.00,0.00
2808,9400991.44,0.00,0.00
2809,10838195.09,0.00,0.00
2810,996679.78,0.00,0.00
2811,117061039.69,0.00,0.00
2812,892409.56,0.00,0.00
2813,116813991.31,0.00,0.00
2814,9245693.92,0.00,0.00
2815,770866.39,0.00,0.00
2816,124926770.93,0.00,0.00
2817,116595890.52,0.00,0.00
2818,9091289.04,0.00,0.00
2819,696530.10,0.00,0.00
2820,885465.86,0.00,0.00
2821,10970612.76,0.00,0.00
2822,116488990.31,0.00,0.00
2823,551735.16,0.00,0.00
2824,8994626.05,0.00,0.00
2825,125067281.48,0.00,0.00
2826,116360083.82,0.00,0.00
2827,124918530.23,0.00,0.00
2828,11182773.11,0.00,0.00
2829,124724330.43,0.00,0.00
2830,608988.76,0.00,0.00
2831,9086471.80,0.00,0.00
2832,1168767.69,0.00,0.00
2833,11033783.44,0.00,0.00
2834,940098.29,0.00,0.00
2835,116533832.07,0.00,0.00
2836,10936801.91,0.00,0.00
2837,847383.26,0.00,0.00
2838,10815765.38,0.00,0.00
2839,9294337.99,0.00,0.00
2840,802538.39,0.00,0.00
2841,1033104.18,0.00,0.00
2842,9168242.69,0.00,0.00
2843,837473.63,0.00,0.00
2844,8953468.56,0.00,0.00
2845,10916838.41,0.00,0.00
2846,608410.84,0.00,0.00
2847,807197.81,0.00,0.00
2848,8772338.39,0.00,0.00
2849,514805.56,0.00,0.00
2850,117265764.71,0.00,0.00
2851,117023670.91,0.00,0.00
2852,11111300.95,0.00,0.00
2853,568148.61,0.00,0.00
2854,10902247.19,0.00,0.00
2855,9007058.86,0.00,0.00
2856,1253983.50,0.00,0.00
2857,10758252.14,0.00,0.00
2858,1068726.30,0.00,0.00
2859,848067.52,0.00,0.00
2860,10642526.39,0.00,0.00
2861,9218345.88,0.00,0.00
2862,871904.37,0.00,0.00
2863,8991207.36,0.00,0.00
2864,843220.71,0.00,0.00
2865,681605.58,0.00,0.00
2866,8914796.35,0.00,0.00
2867,507143.26,0.00,0.00
2868,10862278.94,0.00,0.00
2869,816042.18,0.00,0.00
2870,8778843.16,0.00,0.00
2871,139125770.33,0.00,0.00
2872,138926736.35,0.00,0.00
2873,561062.81,0.00,0.00
2874,8690614.22,0.00,0.00
2875,11038187.50,0.00,0.00
2876,10917074.44,0.00,0.00
2877,642546.89,0.00,0.00
2878,1271831.04,0.00,0.00
2879,8823100.09,0.00,0.00
2880,10790446.04,0.00,0.00
2881,1073994.40,0.00,0.00
2882,139235520.84,0.00,0.00
2883,8722659.35,0.00,0.00
2884,10653998.37,0.00,0.00
2885,932406.90,0.00,0.00
2886,139092065.33,0.00,0.00
2887,879020.69,0.00,0.00
2888,8581831.69,0.00,0.00
2889,826514.96,0.00,0.00
2890,655915.74,0.00,0.00
2891,8446024.89,0.00,0.00
2892,10771720.17,0.00,0.00
2893,507443.43,0.00,0.00
2894,789053.92,0.00,0.00
2895,129252055.88,0.00,0.00
2896,8657858.37,0.00,0.00
2897,10984661.34,0.00,0.00
2898,690421.10,0.00,0.00
2899,140590865.37,0.00,0.00
2900,10794697.52,0.00,0.00
2901,513521.67,0.00,0.00
2902,129159414.77,0.00,0.00
2903,140477789.88,0.00,0.00
2904,10654022.22,0.00,0.00
2905,1244807.96,0.00,0.00
2906,140285890.82,0.00,0.00
2907,8875066.76,0.00,0.00
2908,1070872.55,0.00,0.00
2909,10510208.13,0.00,0.00
2910,8632715.94,0.00,0.00
2911,129357677.70,0.00,0.00
2912,861651.66,0.00,0.00
2913,8470977.07,0.00,0.00
2914,129155953.17,0.00,0.00
2915,974693.54,0.00,0.00
2916,128999091.63,0.00,0.00
2917,8316724.06,0.00,0.00
2918,10629350.66,0.00,0.00
2919,874846.22,0.00,0.00
2920,897969.48,0.00,0.00
2921,799651.86,0.00,0.00
2922,141112073.18,0.00,0.00
2923,121625131.37,0.00,0.00
2924,775022.27,0.00,0.00
2925,8473616.12,0.00,0.00
2926,121455101.01,0.00,0.00
2927,10847353.46,0.00,0.00
2928,615727.66,0.00,0.00
2929,141019862.41,0.00,0.00
2930,10606934.31,0.00,0.00
2931,140797960.76,0.00,0.00
2932,10497357.37,0.00,0.00
2933,1117537.26,0.00,0.00
2934,8666588.31,0.00,0.00
2935,121619888.78,0.00,0.00
2936,736454.01,0.00,0.00
2937,932426.69,0.00,0.00
2938,8446841.48,0.00,0.00
2939,10380586.39,0.00,0.00
2940,121454350.71,0.00,0.00
2941,759343.62,0.00,0.00
2942,121226791.86,0.00,0.00
2943,8335232.02,0.00,0.00
2944,121135007.62,0.00,0.00
2945,896322.97,0.00,0.00
2946,8237786.53,0.00,0.00
2947,10491955.52,0.00,0.00
2948,774542.33,0.00,0.00
2949,120975048.30,0.00,0.00
2950,812774.18,0.00,0.00
2951,796357.87,0.00,0.00
2952,626772.40,0.00,0.00
2953,8323208.33,0.00,0.00
2954,10634283.78,0.00,0.00
2955,121119938.61,0.00,0.00
2956,531611.44,0.00,0.00
2957,10535486.70,0.00,0.00
2958,520217.90,0.00,0.00
2959,10434043.88,0.00,0.00
2960,8589615.58,0.00,0.00
2961,1108615.64,0.00,0.00
2962,8351107.60,0.00,0.00
2963,903643.61,0.00,0.00
2964,10299309.02,0.00,0.00
2965,8218077.90,0.00,0.00
2966,751883.98,0.00,0.00
2967,8118926.05,0.00,0.00
2968,121960742.24,0.00,0.00
2969,968654.39,0.00,0.00
2970,10537585.26,0.00,0.00
2971,903461.93,0.00,0.00
2972,121784154.89,0.00,0.00
2973,792522.43,0.00,0.00
2974,8224161.15,0.00,0.00
2975,580292.22,0.00,0.00
2976,868142.37,0.00,0.00
2977,505650.52,0.00,0.00
2978,10764842.99,0.00,0.00
2979,10559753.42,0.00,0.00
2980,8426779.99,0.00,0.00
2981,10424682.62,0.00,0.00
2982,574334.38,0.00,0.00
2983,8222739.70,0.00,0.00
2984,144919239.28,0.00,0.00
2985,8023509.26,0.00,0.00
2986,1241926.91,0.00,0.00
2987,10328464.51,0.00,0.00
2988,144811785.94,0.00,0.00
2989,7878814.94,0.00,0.00
2990,1164719.82,0.00,0.00
2991,144558948.28,0.00,0.00
2992,7677339.32,0.00,0.00
2993,987185.24,0.00,0.00
2994,826442.00,0.00,0.00
2995,133663534.40,0.00,0.00
2996,652108.67,0.00,0.00
2997,10519959.21,0.00,0.00
2998,133456332.45,0.00,0.00
2999,144524548.53,0.00,0.00
3000,898518.56,0.00,0.00
3001,705112.46,0.00,0.00
3002,580760.96,0.00,0.00
3003,464146.14,0.00,0.00
3004,133650755.88,0.00,0.00
3005,8121017.46,0.00,0.00
3006,10728405.00,0.00,0.00
3007,10526995.42,0.00,0.00
3008,8005394.70,0.00,0.00
3009,1114995.96,0.00,0.00
3010,10427094.22,0.00,0.00
3011,617779.49,0.00,0.00
3012,7863649.85,0.00,0.00
3013,124052001.24,0.00,0.00
3014,10273325.92,0.00,0.00
3015,123914954.66,0.00,0.00
3016,7759320.74,0.00,0.00
3017,1054252.86,0.00,0.00
3018,134165040.97,0.00,0.00
3019,915206.91,0.00,0.00
3020,133993195.53,0.00,0.00
3021,914849.76,0.00,0.00
3022,146560253.62,0.00,0.00
3023,124077466.49,0.00,0.00
3024,7832797.53,0.00,0.00
3025,814954.04,0.00,0.00
3026,10522527.93,0.00,0.00
3027,123872133.26,0.00,0.00
3028,146440644.26,0.00,0.00
3029,793020.25,0.00,0.00
3030,123727029.80,0.00,0.00
3031,146287910.94,0.00,0.00
3032,837153.20,0.00,0.00
3033,690215.59,0.00,0.00
3034,146235615.73,0.00,0.00
3035,8025005.58,0.00,0.00
3036,10644444.70,0.00,0.00
3037,563371.90,0.00,0.00
3038,7826597.45,0.00,0.00
3039,146109073.40,0.00,0.00
3040,145917592.29,0.00,0.00
3041,10559241.29,0.00,0.00
3042,7696883.68,0.00,0.00
3043,540099.38,0.00,0.00
3044,1129659.18,0.00,0.00
3045,10434209.11,0.00,0.00
3046,7573414.09,0.00,0.00
3047,907635.69,0.00,0.00
3048,10256161.69,0.00,0.00
3049,682812.93,0.00,0.00
3050,7715942.14,0.00,0.00
3051,691174.03,0.00,0.00
3052,147292241.57,0.00,0.00
3053,992006.54,0.00,0.00
3054,10505122.90,0.00,0.00
3055,147118478.54,0.00,0.00
3056,762789.01,0.00,0.00
3057,999916.08,0.00,0.00
3058,7903787.14,0.00,0.00
3059,805144.55,0.00,0.00
3060,7846541.17,0.00,0.00
3061,7710384.13,0.00,0.00
3062,1040145.16,0.00,0.00
3063,857789.99,0.00,0.00
3064,7594524.15,0.00,0.00
3065,1171527.39,0.00,0.00
3066,970980.17,0.00,0.00
3067,856789.35,0.00,0.00
3068,11602177.62,0.00,0.00
3069,7824927.09,0.00,0.00
3070,11400987.15,0.00,0.00
3071,830072.16,0.00,0.00
3072,1108619.69,0.00,0.00
3073,11298332.45,0.00,0.00
3074,929625.51,0.00,0.00
3075,825242.76,0.00,0.00
3076,11197868.82,0.00,0.00
3077,148822120.67,0.00,0.00
3078,730351.69,0.00,0.00
3079,8026142.84,0.00,0.00
3080,496198.18,0.00,0.00
3081,148681320.91,0.00,0.00
3082,7826151.61,0.00,0.00
3083,7700798.51,0.00,0.00
3084,148586077.93,0.00,0.00
3085,11412651.54,0.00,0.00
3086,671817.30,0.00,0.00
3087,1191355.71,0.00,0.00
3088,7604020.60,0.00,0.00
3089,971523.05,0.00,0.00
3090,127806824.45,0.00,0.00
3091,138564229.97,0.00,0.00
3092,813949.58,0.00,0.00
3093,11583561.66,0.00,0.00
3094,127712664.84,0.00,0.00
3095,138495111.23,0.00,0.00
3096,884402.28,0.00,0.00
3097,149008264.54,0.00,0.00
3098,781474.35,0.00,0.00
3099,7878244.88,0.00,0.00
3100,11450177.91,0.00,0.00
3101,696502.21,0.00,0.00
3102,148873590.71,0.00,0.00
3103,150061779.02,0.00,0.00
3104,11294570.21,0.00,0.00
3105,149829403.88,0.00,0.00
3106,127876021.62,0.00,0.00
3107,612443.69,0.00,0.00
3108,138643702.03,0.00,0.00
3109,879548.31,0.00,0.00
3110,138404928.68,0.00,0.00
3111,11214842.80,0.00,0.00
3112,8012784.96,0.00,0.00
3113,127789857.15,0.00,0.00
3114,138213124.99,0.00,0.00
3115,7823177.81,0.00,0.00
3116,127595917.46,0.00,0.00
3117,589270.35,0.00,0.00
3118,7695505.14,0.00,0.00
3119,543290.85,0.00,0.00
3120,1102312.09,0.00,0.00
3121,11428784.61,0.00,0.00
3122,7610990.05,0.00,0.00
3123,929510.12,0.00,0.00
3124,738414.53,0.00,0.00
3125,11618377.92,0.00,0.00
3126,7807528.02,0.00,0.00
3127,740828.51,0.00,0.00
3128,11473109.72,0.00,0.00
3129,1010051.97,0.00,0.00
3130,690391.78,0.00,0.00
3131,11348753.45,0.00,0.00
3132,957683.56,0.00,0.00
3133,150495527.27,0.00,0.00
3134,7987160.68,0.00,0.00
3135,11218335.87,0.00,0.00
3136,150324844.36,0.00,0.00
3137,858796.83,0.00,0.00
3138,7760625.36,0.00,0.00
3139,151542246.82,0.00,0.00
3140,150128267.53,0.00,0.00
3141,7574405.43,0.00,0.00
3142,11115110.64,0.00,0.00
3143,151342362.64,0.00,0.00
3144,746404.65,0.00,0.00
3145,7437857.15,0.00,0.00
3146,596981.76,0.00,0.00
3147,151274462.46,0.00,0.00
3148,1187570.33,0.00,0.00
3149,1010294.91,0.00,0.00
3150,11321501.73,0.00,0.00
3151,797719.96,0.00,0.00
3152,11146100.04,0.00,0.00
3153,7575760.60,0.00,0.00
3154,10997173.79,0.00,0.00
3155,786956.55,0.00,0.00
3156,1041763.54,0.00,0.00
3157,151682218.79,0.00,0.00
3158,10892143.49,0.00,0.00
3159,802249.43,0.00,0.00
3160,7738053.08,0.00,0.00
3161,602498.29,0.00,0.00
3162,775299.07,0.00,0.00
3163,151589025.50,0.00,0.00
3164,7522305.49,0.00,0.00
3165,524462.94,0.00,0.00
3166,7377410.41,0.00,0.00
3167,11036591.53,0.00,0.00
3168,7245536.80,0.00,0.00
3169,552052.02,0.00,0.00
3170,1251286.98,0.00,0.00
3171,11216421.84,0.00,0.00
3172,1071937.56,0.00,0.00
3173,11005996.70,0.00,0.00
3174,7458376.41,0.00,0.00
3175,10871751.07,0.00,0.00
3176,142190717.46,0.00,0.00
3177,981073.86,0.00,0.00
3178,142004808.66,0.00,0.00
3179,807315.59,0.00,0.00
3180,10751164.91,0.00,0.00
3181,1041705.85,0.00,0.00
3182,840415.72,0.00,0.00
3183,7651424.41,0.00,0.00
3184,797589.54,0.00,0.00
3185,131981403.35,0.00,0.00
3186,7509286.64,0.00,0.00
3187,142170595.65,0.00,0.00
3188,10867763.28,0.00,0.00
3189,131894283.29,0.00,0.00
3190,141995926.14,0.00,0.00
3191,7380870.10,0.00,0.00
3192,153294542.79,0.00,0.00
3193,141790864.71,0.00,0.00
3194,7272963.76,0.00,0.00
3195,153181107.04,0.00,0.00
3196,132034113.88,0.00,0.00
3197,11060831.79,0.00,0.00
3198,152990335.70,0.00,0.00
3199,10827080.01,0.00,0.00
3200,7480342.86,0.00,0.00
3201,10961863.52,0.00,0.00
3202,10838756.80,0.00,0.00
3203,7677696.94,0.00,0.00
3204,132759557.49,0.00,0.00
3205,7497064.35,0.00,0.00
3206,132543368.82,0.00,0.00
3207,154615158.08,0.00,0.00
3208,7342247.72,0.00,0.00
3209,154462027.07,0.00,0.00
3210,10988420.49,0.00,0.00
3211,7151086.33,0.00,0.00
3212,7195582.39,0.00,0.00
3213,11123418.81,0.00,0.00
3214,10955931.19,0.00,0.00
3215,10684616.09,0.00,0.00
3216,10511508.94,0.00,0.00
